date,state,party,first_votes,first_share,second_votes,second_share
2025-02-23,Baden-Württemberg,Christlich Demokratische Union Deutschlands,2280707.0,36.0,2006866.0,31.6
2025-02-23,Baden-Württemberg,Alternative für Deutschland,1231221.0,19.4,1256430.0,19.8
2025-02-23,Baden-Württemberg,Sozialdemokratische Partei Deutschlands,1002327.0,15.8,898778.0,14.2
2025-02-23,Baden-Württemberg,BÜNDNIS 90/DIE GRÜNEN,887608.0,14.0,865738.0,13.6
2025-02-23,Baden-Württemberg,Die Linke,360037.0,5.7,429484.0,6.8
2025-02-23,Baden-Württemberg,Christlich-Soziale Union in Bayern e.V.,,,,
2025-02-23,Baden-Württemberg,Ab jetzt... Demokratie durch Volksabstimmung,,,,
2025-02-23,Baden-Württemberg,Allianz Deutscher Demokraten,,,,
2025-02-23,Baden-Württemberg,"Allianz für Menschenrechte, Tier- und Naturschutz",,,,
2025-02-23,Baden-Württemberg,Basisdemokratische Partei Deutschland,17282.0,0.3,21845.0,0.3
2025-02-23,Baden-Württemberg,Bayernpartei,,,,
2025-02-23,Baden-Württemberg,"bergpartei, die überpartei",,,,
2025-02-23,Baden-Württemberg,Brandenb. Verein. Bürgerbewegungen/Freie Wähler,163869.0,2.6,86311.0,1.4
2025-02-23,Baden-Württemberg,Bund für Gesamtdeutschland,,,,
2025-02-23,Baden-Württemberg,Bündnis 21/RRP,,,,
2025-02-23,Baden-Württemberg,Bündnis C - Christen für Deutschland,2021.0,0.0,11768.0,0.2
2025-02-23,Baden-Württemberg,BÜNDNIS DEUTSCHLAND,4821.0,0.1,7411.0,0.1
2025-02-23,Baden-Württemberg,Bündnis für Innovation und Gerechtigkeit,,,,
2025-02-23,Baden-Württemberg,Bündnis Grundeinkommen,,,,
2025-02-23,Baden-Württemberg,Bündnis Sahra Wagenknecht,,,260219.0,4.1
2025-02-23,Baden-Württemberg,Bürgerbewegung für Fortschritt und Wandel,,,,
2025-02-23,Baden-Württemberg,Bürgerbewegung pro Deutschland,,,,
2025-02-23,Baden-Württemberg,Bürgerrechtsbewegung Solidarität,,,,
2025-02-23,Baden-Württemberg,Demokratie in Bewegung,,,,
2025-02-23,Baden-Württemberg,DER DRITTE WEG,,,,
2025-02-23,Baden-Württemberg,Deutsche Kommunistische Partei,,,,
2025-02-23,Baden-Württemberg,DEUTSCHE KONSERVATIVE,,,,
2025-02-23,Baden-Württemberg,Deutsche Mitte,,,,
2025-02-23,Baden-Württemberg,Die Einheit,,,,
2025-02-23,Baden-Württemberg,Die Gerechtigkeitspartei - Team Todenhöfer,,,,
2025-02-23,Baden-Württemberg,Die Grauen - Für alle Generationen,,,,
2025-02-23,Baden-Württemberg,Die Heimat,,,,
2025-02-23,Baden-Württemberg,Die Partei,20293.0,0.3,28041.0,0.4
2025-02-23,Baden-Württemberg,DIE RECHTE,,,,
2025-02-23,Baden-Württemberg,DIE REPUBLIKANER,,,,
2025-02-23,Baden-Württemberg,DIE SONSTIGEN,,,,
2025-02-23,Baden-Württemberg,Die Urbane. Eine HipHop Partei,,,,
2025-02-23,Baden-Württemberg,Die Violetten,,,,
2025-02-23,Baden-Württemberg,diePinken/BÜNDNIS21,,,,
2025-02-23,Baden-Württemberg,Europäische Partei LIEBE,,,,
2025-02-23,Baden-Württemberg,Familien-Partei Deutschlands,,,,
2025-02-23,Baden-Württemberg,Feministische Partei DIE FRAUEN,,,,
2025-02-23,Baden-Württemberg,Freie Demokratische Partei,271794.0,4.3,357539.0,5.6
2025-02-23,Baden-Württemberg,FREIE WÄHLER,,,,
2025-02-23,Baden-Württemberg,Gartenpartei,,,,
2025-02-23,Baden-Württemberg,Graue Panther,,,,
2025-02-23,Baden-Württemberg,Klimaliste Baden-Württemberg,,,,
2025-02-23,Baden-Württemberg,Liberale Demokraten - Die Sozialliberalen,,,,
2025-02-23,Baden-Württemberg,Liberal-Konservative Reformer,,,,
2025-02-23,Baden-Württemberg,Lobbyisten für Kinder,,,,
2025-02-23,Baden-Württemberg,Marxistisch-Leninistische Partei Deutschlands,3574.0,0.1,2379.0,0.0
2025-02-23,Baden-Württemberg,Menschliche Welt,,,,
2025-02-23,Baden-Württemberg,MERA25 - Gemeinsam für Europäische Unabhängigkeit,,,,
2025-02-23,Baden-Württemberg,Mieterpartei,,,,
2025-02-23,Baden-Württemberg,Nein!-Idee,,,,
2025-02-23,Baden-Württemberg,Neue Liberale - Die Sozialliberalen,,,,
2025-02-23,Baden-Württemberg,Ökologisch-Demokratische Partei,1798.0,0.0,12258.0,0.2
2025-02-23,Baden-Württemberg,Partei Bibeltreuer Christen,,,,
2025-02-23,Baden-Württemberg,Partei der Humanisten,,,,
2025-02-23,Baden-Württemberg,Partei der Nichtwähler,,,,
2025-02-23,Baden-Württemberg,Partei der Vernunft,,,,
2025-02-23,Baden-Württemberg,Partei des Fortschritts,,,,
2025-02-23,Baden-Württemberg,Partei für Verjüngungsforschung,,,,
2025-02-23,Baden-Württemberg,PARTEI MENSCH UMWELT TIERSCHUTZ,10548.0,0.2,55906.0,0.9
2025-02-23,Baden-Württemberg,Piratenpartei Deutschland,,,,
2025-02-23,Baden-Württemberg,RENTNER Partei Deutschland,,,,
2025-02-23,Baden-Württemberg,"SGV - Solidarität, Gerechtigkeit, Veränderung",,,,
2025-02-23,Baden-Württemberg,"Sozialist.Gleichheitspartei, Vierte Internationale",,,,
2025-02-23,Baden-Württemberg,Südschleswigscher Wählerverband,,,,
2025-02-23,Baden-Württemberg,Thüringer Heimatpartei,,,,
2025-02-23,Baden-Württemberg,UNABHÄNGIGE für bürgernahe Demokratie,,,,
2025-02-23,Baden-Württemberg,Volt Deutschland,69168.0,1.1,49025.0,0.8
2025-02-23,Baden-Württemberg,"V-Partei3 - Partei f. Veränd., Vegetarier, Veganer",,,,
2025-02-23,Baden-Württemberg,WerteUnion,,,,
2025-02-23,Baden-Württemberg,WiR2020,,,,
2025-02-23,Baden-Württemberg,Sonstige Parteien,5646.0,0.1,,
2025-02-23,Bayern,Christlich Demokratische Union Deutschlands,,,,
2025-02-23,Bayern,Alternative für Deutschland,1384631.0,17.4,1515731.0,19.0
2025-02-23,Bayern,Sozialdemokratische Partei Deutschlands,1016841.0,12.8,920675.0,11.5
2025-02-23,Bayern,BÜNDNIS 90/DIE GRÜNEN,969735.0,12.2,957435.0,12.0
2025-02-23,Bayern,Die Linke,366149.0,4.6,456935.0,5.7
2025-02-23,Bayern,Christlich-Soziale Union in Bayern e.V.,3272064.0,41.2,2964028.0,37.2
2025-02-23,Bayern,Ab jetzt... Demokratie durch Volksabstimmung,,,,
2025-02-23,Bayern,Allianz Deutscher Demokraten,,,,
2025-02-23,Bayern,"Allianz für Menschenrechte, Tier- und Naturschutz",,,,
2025-02-23,Bayern,Basisdemokratische Partei Deutschland,20515.0,0.3,28843.0,0.4
2025-02-23,Bayern,Bayernpartei,5763.0,0.1,12278.0,0.2
2025-02-23,Bayern,"bergpartei, die überpartei",,,,
2025-02-23,Bayern,Brandenb. Verein. Bürgerbewegungen/Freie Wähler,461198.0,5.8,345840.0,4.3
2025-02-23,Bayern,Bund für Gesamtdeutschland,,,,
2025-02-23,Bayern,Bündnis 21/RRP,,,,
2025-02-23,Bayern,Bündnis C - Christen für Deutschland,,,,
2025-02-23,Bayern,BÜNDNIS DEUTSCHLAND,13923.0,0.2,6937.0,0.1
2025-02-23,Bayern,Bündnis für Innovation und Gerechtigkeit,,,,
2025-02-23,Bayern,Bündnis Grundeinkommen,,,,
2025-02-23,Bayern,Bündnis Sahra Wagenknecht,19929.0,0.3,246518.0,3.1
2025-02-23,Bayern,Bürgerbewegung für Fortschritt und Wandel,,,,
2025-02-23,Bayern,Bürgerbewegung pro Deutschland,,,,
2025-02-23,Bayern,Bürgerrechtsbewegung Solidarität,,,,
2025-02-23,Bayern,Demokratie in Bewegung,,,,
2025-02-23,Bayern,DER DRITTE WEG,,,,
2025-02-23,Bayern,Deutsche Kommunistische Partei,,,,
2025-02-23,Bayern,DEUTSCHE KONSERVATIVE,,,,
2025-02-23,Bayern,Deutsche Mitte,,,,
2025-02-23,Bayern,Die Einheit,,,,
2025-02-23,Bayern,Die Gerechtigkeitspartei - Team Todenhöfer,,,,
2025-02-23,Bayern,Die Grauen - Für alle Generationen,,,,
2025-02-23,Bayern,Die Heimat,,,,
2025-02-23,Bayern,Die Partei,9955.0,0.1,30552.0,0.4
2025-02-23,Bayern,DIE RECHTE,,,,
2025-02-23,Bayern,DIE REPUBLIKANER,,,,
2025-02-23,Bayern,DIE SONSTIGEN,,,,
2025-02-23,Bayern,Die Urbane. Eine HipHop Partei,,,,
2025-02-23,Bayern,Die Violetten,,,,
2025-02-23,Bayern,diePinken/BÜNDNIS21,,,,
2025-02-23,Bayern,Europäische Partei LIEBE,,,,
2025-02-23,Bayern,Familien-Partei Deutschlands,,,,
2025-02-23,Bayern,Feministische Partei DIE FRAUEN,,,,
2025-02-23,Bayern,Freie Demokratische Partei,246700.0,3.1,333257.0,4.2
2025-02-23,Bayern,FREIE WÄHLER,,,,
2025-02-23,Bayern,Gartenpartei,,,,
2025-02-23,Bayern,Graue Panther,,,,
2025-02-23,Bayern,Klimaliste Baden-Württemberg,,,,
2025-02-23,Bayern,Liberale Demokraten - Die Sozialliberalen,,,,
2025-02-23,Bayern,Liberal-Konservative Reformer,,,,
2025-02-23,Bayern,Lobbyisten für Kinder,,,,
2025-02-23,Bayern,Marxistisch-Leninistische Partei Deutschlands,890.0,0.0,1652.0,0.0
2025-02-23,Bayern,Menschliche Welt,,,,
2025-02-23,Bayern,MERA25 - Gemeinsam für Europäische Unabhängigkeit,,,,
2025-02-23,Bayern,Mieterpartei,,,,
2025-02-23,Bayern,Nein!-Idee,,,,
2025-02-23,Bayern,Neue Liberale - Die Sozialliberalen,,,,
2025-02-23,Bayern,Ökologisch-Demokratische Partei,49197.0,0.6,33367.0,0.4
2025-02-23,Bayern,Partei Bibeltreuer Christen,,,,
2025-02-23,Bayern,Partei der Humanisten,613.0,0.0,5466.0,0.1
2025-02-23,Bayern,Partei der Nichtwähler,,,,
2025-02-23,Bayern,Partei der Vernunft,,,,
2025-02-23,Bayern,Partei des Fortschritts,,,,
2025-02-23,Bayern,Partei für Verjüngungsforschung,,,,
2025-02-23,Bayern,PARTEI MENSCH UMWELT TIERSCHUTZ,28481.0,0.4,61869.0,0.8
2025-02-23,Bayern,Piratenpartei Deutschland,,,,
2025-02-23,Bayern,RENTNER Partei Deutschland,,,,
2025-02-23,Bayern,"SGV - Solidarität, Gerechtigkeit, Veränderung",,,,
2025-02-23,Bayern,"Sozialist.Gleichheitspartei, Vierte Internationale",,,,
2025-02-23,Bayern,Südschleswigscher Wählerverband,,,,
2025-02-23,Bayern,Thüringer Heimatpartei,,,,
2025-02-23,Bayern,UNABHÄNGIGE für bürgernahe Demokratie,,,,
2025-02-23,Bayern,Volt Deutschland,66017.0,0.8,50671.0,0.6
2025-02-23,Bayern,"V-Partei3 - Partei f. Veränd., Vegetarier, Veganer",,,,
2025-02-23,Bayern,WerteUnion,,,,
2025-02-23,Bayern,WiR2020,,,,
2025-02-23,Bayern,Sonstige Parteien,16599.0,0.2,,
2025-02-23,Berlin,Christlich Demokratische Union Deutschlands,413893.0,21.3,356099.0,18.3
2025-02-23,Berlin,Alternative für Deutschland,294546.0,15.2,296990.0,15.2
2025-02-23,Berlin,Sozialdemokratische Partei Deutschlands,326663.0,16.8,295182.0,15.1
2025-02-23,Berlin,BÜNDNIS 90/DIE GRÜNEN,338231.0,17.4,328035.0,16.8
2025-02-23,Berlin,Die Linke,423549.0,21.8,387222.0,19.9
2025-02-23,Berlin,Christlich-Soziale Union in Bayern e.V.,,,,
2025-02-23,Berlin,Ab jetzt... Demokratie durch Volksabstimmung,,,,
2025-02-23,Berlin,Allianz Deutscher Demokraten,,,,
2025-02-23,Berlin,"Allianz für Menschenrechte, Tier- und Naturschutz",,,,
2025-02-23,Berlin,Basisdemokratische Partei Deutschland,,,,
2025-02-23,Berlin,Bayernpartei,,,,
2025-02-23,Berlin,"bergpartei, die überpartei",,,,
2025-02-23,Berlin,Brandenb. Verein. Bürgerbewegungen/Freie Wähler,9141.0,0.5,6402.0,0.3
2025-02-23,Berlin,Bund für Gesamtdeutschland,,,,
2025-02-23,Berlin,Bündnis 21/RRP,,,,
2025-02-23,Berlin,Bündnis C - Christen für Deutschland,,,,
2025-02-23,Berlin,BÜNDNIS DEUTSCHLAND,7464.0,0.4,2960.0,0.2
2025-02-23,Berlin,Bündnis für Innovation und Gerechtigkeit,,,,
2025-02-23,Berlin,Bündnis Grundeinkommen,,,,
2025-02-23,Berlin,Bündnis Sahra Wagenknecht,41787.0,2.2,129651.0,6.7
2025-02-23,Berlin,Bürgerbewegung für Fortschritt und Wandel,,,,
2025-02-23,Berlin,Bürgerbewegung pro Deutschland,,,,
2025-02-23,Berlin,Bürgerrechtsbewegung Solidarität,1295.0,0.1,676.0,0.0
2025-02-23,Berlin,Demokratie in Bewegung,,,,
2025-02-23,Berlin,DER DRITTE WEG,,,,
2025-02-23,Berlin,Deutsche Kommunistische Partei,,,,
2025-02-23,Berlin,DEUTSCHE KONSERVATIVE,,,,
2025-02-23,Berlin,Deutsche Mitte,,,,
2025-02-23,Berlin,Die Einheit,,,,
2025-02-23,Berlin,Die Gerechtigkeitspartei - Team Todenhöfer,4694.0,0.2,4532.0,0.2
2025-02-23,Berlin,Die Grauen - Für alle Generationen,,,,
2025-02-23,Berlin,Die Heimat,,,,
2025-02-23,Berlin,Die Partei,8425.0,0.4,12881.0,0.7
2025-02-23,Berlin,DIE RECHTE,,,,
2025-02-23,Berlin,DIE REPUBLIKANER,,,,
2025-02-23,Berlin,DIE SONSTIGEN,,,,
2025-02-23,Berlin,Die Urbane. Eine HipHop Partei,,,,
2025-02-23,Berlin,Die Violetten,,,,
2025-02-23,Berlin,diePinken/BÜNDNIS21,,,,
2025-02-23,Berlin,Europäische Partei LIEBE,,,,
2025-02-23,Berlin,Familien-Partei Deutschlands,,,,
2025-02-23,Berlin,Feministische Partei DIE FRAUEN,,,,
2025-02-23,Berlin,Freie Demokratische Partei,52575.0,2.7,74076.0,3.8
2025-02-23,Berlin,FREIE WÄHLER,,,,
2025-02-23,Berlin,Gartenpartei,,,,
2025-02-23,Berlin,Graue Panther,,,,
2025-02-23,Berlin,Klimaliste Baden-Württemberg,,,,
2025-02-23,Berlin,Liberale Demokraten - Die Sozialliberalen,,,,
2025-02-23,Berlin,Liberal-Konservative Reformer,,,,
2025-02-23,Berlin,Lobbyisten für Kinder,,,,
2025-02-23,Berlin,Marxistisch-Leninistische Partei Deutschlands,1244.0,0.1,925.0,0.0
2025-02-23,Berlin,Menschliche Welt,,,,
2025-02-23,Berlin,MERA25 - Gemeinsam für Europäische Unabhängigkeit,658.0,0.0,2439.0,0.1
2025-02-23,Berlin,Mieterpartei,,,,
2025-02-23,Berlin,Nein!-Idee,,,,
2025-02-23,Berlin,Neue Liberale - Die Sozialliberalen,,,,
2025-02-23,Berlin,Ökologisch-Demokratische Partei,,,,
2025-02-23,Berlin,Partei Bibeltreuer Christen,,,,
2025-02-23,Berlin,Partei der Humanisten,,,,
2025-02-23,Berlin,Partei der Nichtwähler,,,,
2025-02-23,Berlin,Partei der Vernunft,,,,
2025-02-23,Berlin,Partei des Fortschritts,,,3423.0,0.2
2025-02-23,Berlin,Partei für Verjüngungsforschung,,,,
2025-02-23,Berlin,PARTEI MENSCH UMWELT TIERSCHUTZ,15740.0,0.8,29384.0,1.5
2025-02-23,Berlin,Piratenpartei Deutschland,,,,
2025-02-23,Berlin,RENTNER Partei Deutschland,,,,
2025-02-23,Berlin,"SGV - Solidarität, Gerechtigkeit, Veränderung",,,,
2025-02-23,Berlin,"Sozialist.Gleichheitspartei, Vierte Internationale",73.0,0.0,425.0,0.0
2025-02-23,Berlin,Südschleswigscher Wählerverband,,,,
2025-02-23,Berlin,Thüringer Heimatpartei,,,,
2025-02-23,Berlin,UNABHÄNGIGE für bürgernahe Demokratie,,,,
2025-02-23,Berlin,Volt Deutschland,,,18231.0,0.9
2025-02-23,Berlin,"V-Partei3 - Partei f. Veränd., Vegetarier, Veganer",,,,
2025-02-23,Berlin,WerteUnion,,,,
2025-02-23,Berlin,WiR2020,,,,
2025-02-23,Berlin,Sonstige Parteien,2660.0,0.1,,
2025-02-23,Brandenburg,Christlich Demokratische Union Deutschlands,332331.0,20.2,298048.0,18.1
2025-02-23,Brandenburg,Alternative für Deutschland,565718.0,34.4,535275.0,32.5
2025-02-23,Brandenburg,Sozialdemokratische Partei Deutschlands,337040.0,20.5,244010.0,14.8
2025-02-23,Brandenburg,BÜNDNIS 90/DIE GRÜNEN,86006.0,5.2,108598.0,6.6
2025-02-23,Brandenburg,Die Linke,189182.0,11.5,176224.0,10.7
2025-02-23,Brandenburg,Christlich-Soziale Union in Bayern e.V.,,,,
2025-02-23,Brandenburg,Ab jetzt... Demokratie durch Volksabstimmung,,,,
2025-02-23,Brandenburg,Allianz Deutscher Demokraten,,,,
2025-02-23,Brandenburg,"Allianz für Menschenrechte, Tier- und Naturschutz",,,,
2025-02-23,Brandenburg,Basisdemokratische Partei Deutschland,,,,
2025-02-23,Brandenburg,Bayernpartei,,,,
2025-02-23,Brandenburg,"bergpartei, die überpartei",,,,
2025-02-23,Brandenburg,Brandenb. Verein. Bürgerbewegungen/Freie Wähler,53057.0,3.2,23969.0,1.5
2025-02-23,Brandenburg,Bund für Gesamtdeutschland,,,,
2025-02-23,Brandenburg,Bündnis 21/RRP,,,,
2025-02-23,Brandenburg,Bündnis C - Christen für Deutschland,,,,
2025-02-23,Brandenburg,BÜNDNIS DEUTSCHLAND,3564.0,0.2,4147.0,0.3
2025-02-23,Brandenburg,Bündnis für Innovation und Gerechtigkeit,,,,
2025-02-23,Brandenburg,Bündnis Grundeinkommen,,,,
2025-02-23,Brandenburg,Bündnis Sahra Wagenknecht,,,176405.0,10.7
2025-02-23,Brandenburg,Bürgerbewegung für Fortschritt und Wandel,,,,
2025-02-23,Brandenburg,Bürgerbewegung pro Deutschland,,,,
2025-02-23,Brandenburg,Bürgerrechtsbewegung Solidarität,,,,
2025-02-23,Brandenburg,Demokratie in Bewegung,,,,
2025-02-23,Brandenburg,DER DRITTE WEG,,,,
2025-02-23,Brandenburg,Deutsche Kommunistische Partei,,,,
2025-02-23,Brandenburg,DEUTSCHE KONSERVATIVE,,,,
2025-02-23,Brandenburg,Deutsche Mitte,,,,
2025-02-23,Brandenburg,Die Einheit,,,,
2025-02-23,Brandenburg,Die Gerechtigkeitspartei - Team Todenhöfer,,,,
2025-02-23,Brandenburg,Die Grauen - Für alle Generationen,,,,
2025-02-23,Brandenburg,Die Heimat,,,,
2025-02-23,Brandenburg,Die Partei,15439.0,0.9,14706.0,0.9
2025-02-23,Brandenburg,DIE RECHTE,,,,
2025-02-23,Brandenburg,DIE REPUBLIKANER,,,,
2025-02-23,Brandenburg,DIE SONSTIGEN,,,,
2025-02-23,Brandenburg,Die Urbane. Eine HipHop Partei,,,,
2025-02-23,Brandenburg,Die Violetten,,,,
2025-02-23,Brandenburg,diePinken/BÜNDNIS21,,,,
2025-02-23,Brandenburg,Europäische Partei LIEBE,,,,
2025-02-23,Brandenburg,Familien-Partei Deutschlands,,,,
2025-02-23,Brandenburg,Feministische Partei DIE FRAUEN,,,,
2025-02-23,Brandenburg,Freie Demokratische Partei,44451.0,2.7,53467.0,3.2
2025-02-23,Brandenburg,FREIE WÄHLER,,,,
2025-02-23,Brandenburg,Gartenpartei,,,,
2025-02-23,Brandenburg,Graue Panther,,,,
2025-02-23,Brandenburg,Klimaliste Baden-Württemberg,,,,
2025-02-23,Brandenburg,Liberale Demokraten - Die Sozialliberalen,,,,
2025-02-23,Brandenburg,Liberal-Konservative Reformer,,,,
2025-02-23,Brandenburg,Lobbyisten für Kinder,,,,
2025-02-23,Brandenburg,Marxistisch-Leninistische Partei Deutschlands,,,1119.0,0.1
2025-02-23,Brandenburg,Menschliche Welt,,,,
2025-02-23,Brandenburg,MERA25 - Gemeinsam für Europäische Unabhängigkeit,,,,
2025-02-23,Brandenburg,Mieterpartei,,,,
2025-02-23,Brandenburg,Nein!-Idee,,,,
2025-02-23,Brandenburg,Neue Liberale - Die Sozialliberalen,,,,
2025-02-23,Brandenburg,Ökologisch-Demokratische Partei,,,,
2025-02-23,Brandenburg,Partei Bibeltreuer Christen,,,,
2025-02-23,Brandenburg,Partei der Humanisten,,,,
2025-02-23,Brandenburg,Partei der Nichtwähler,,,,
2025-02-23,Brandenburg,Partei der Vernunft,,,,
2025-02-23,Brandenburg,Partei des Fortschritts,,,,
2025-02-23,Brandenburg,Partei für Verjüngungsforschung,,,,
2025-02-23,Brandenburg,PARTEI MENSCH UMWELT TIERSCHUTZ,,,,
2025-02-23,Brandenburg,Piratenpartei Deutschland,,,,
2025-02-23,Brandenburg,RENTNER Partei Deutschland,,,,
2025-02-23,Brandenburg,"SGV - Solidarität, Gerechtigkeit, Veränderung",,,,
2025-02-23,Brandenburg,"Sozialist.Gleichheitspartei, Vierte Internationale",,,,
2025-02-23,Brandenburg,Südschleswigscher Wählerverband,,,,
2025-02-23,Brandenburg,Thüringer Heimatpartei,,,,
2025-02-23,Brandenburg,UNABHÄNGIGE für bürgernahe Demokratie,,,,
2025-02-23,Brandenburg,Volt Deutschland,10687.0,0.7,11370.0,0.7
2025-02-23,Brandenburg,"V-Partei3 - Partei f. Veränd., Vegetarier, Veganer",,,,
2025-02-23,Brandenburg,WerteUnion,,,,
2025-02-23,Brandenburg,WiR2020,,,,
2025-02-23,Brandenburg,Sonstige Parteien,4718.0,0.3,,
2025-02-23,Bremen,Christlich Demokratische Union Deutschlands,78673.0,22.7,71573.0,20.6
2025-02-23,Bremen,Alternative für Deutschland,52638.0,15.2,52496.0,15.1
2025-02-23,Bremen,Sozialdemokratische Partei Deutschlands,95267.0,27.4,80604.0,23.1
2025-02-23,Bremen,BÜNDNIS 90/DIE GRÜNEN,53287.0,15.4,54280.0,15.6
2025-02-23,Bremen,Die Linke,44408.0,12.8,51461.0,14.8
2025-02-23,Bremen,Christlich-Soziale Union in Bayern e.V.,,,,
2025-02-23,Bremen,Ab jetzt... Demokratie durch Volksabstimmung,,,,
2025-02-23,Bremen,Allianz Deutscher Demokraten,,,,
2025-02-23,Bremen,"Allianz für Menschenrechte, Tier- und Naturschutz",,,,
2025-02-23,Bremen,Basisdemokratische Partei Deutschland,,,,
2025-02-23,Bremen,Bayernpartei,,,,
2025-02-23,Bremen,"bergpartei, die überpartei",,,,
2025-02-23,Bremen,Brandenb. Verein. Bürgerbewegungen/Freie Wähler,1758.0,0.5,1618.0,0.5
2025-02-23,Bremen,Bund für Gesamtdeutschland,,,,
2025-02-23,Bremen,Bündnis 21/RRP,,,,
2025-02-23,Bremen,Bündnis C - Christen für Deutschland,,,,
2025-02-23,Bremen,BÜNDNIS DEUTSCHLAND,1967.0,0.6,933.0,0.3
2025-02-23,Bremen,Bündnis für Innovation und Gerechtigkeit,,,,
2025-02-23,Bremen,Bündnis Grundeinkommen,,,,
2025-02-23,Bremen,Bündnis Sahra Wagenknecht,,,15114.0,4.3
2025-02-23,Bremen,Bürgerbewegung für Fortschritt und Wandel,,,,
2025-02-23,Bremen,Bürgerbewegung pro Deutschland,,,,
2025-02-23,Bremen,Bürgerrechtsbewegung Solidarität,,,,
2025-02-23,Bremen,Demokratie in Bewegung,,,,
2025-02-23,Bremen,DER DRITTE WEG,,,,
2025-02-23,Bremen,Deutsche Kommunistische Partei,,,,
2025-02-23,Bremen,DEUTSCHE KONSERVATIVE,,,,
2025-02-23,Bremen,Deutsche Mitte,,,,
2025-02-23,Bremen,Die Einheit,,,,
2025-02-23,Bremen,Die Gerechtigkeitspartei - Team Todenhöfer,,,,
2025-02-23,Bremen,Die Grauen - Für alle Generationen,,,,
2025-02-23,Bremen,Die Heimat,,,,
2025-02-23,Bremen,Die Partei,2227.0,0.6,2582.0,0.7
2025-02-23,Bremen,DIE RECHTE,,,,
2025-02-23,Bremen,DIE REPUBLIKANER,,,,
2025-02-23,Bremen,DIE SONSTIGEN,,,,
2025-02-23,Bremen,Die Urbane. Eine HipHop Partei,,,,
2025-02-23,Bremen,Die Violetten,,,,
2025-02-23,Bremen,diePinken/BÜNDNIS21,,,,
2025-02-23,Bremen,Europäische Partei LIEBE,,,,
2025-02-23,Bremen,Familien-Partei Deutschlands,,,,
2025-02-23,Bremen,Feministische Partei DIE FRAUEN,,,,
2025-02-23,Bremen,Freie Demokratische Partei,9664.0,2.8,12295.0,3.5
2025-02-23,Bremen,FREIE WÄHLER,,,,
2025-02-23,Bremen,Gartenpartei,,,,
2025-02-23,Bremen,Graue Panther,,,,
2025-02-23,Bremen,Klimaliste Baden-Württemberg,,,,
2025-02-23,Bremen,Liberale Demokraten - Die Sozialliberalen,,,,
2025-02-23,Bremen,Liberal-Konservative Reformer,,,,
2025-02-23,Bremen,Lobbyisten für Kinder,,,,
2025-02-23,Bremen,Marxistisch-Leninistische Partei Deutschlands,736.0,0.2,207.0,0.1
2025-02-23,Bremen,Menschliche Welt,,,694.0,0.2
2025-02-23,Bremen,MERA25 - Gemeinsam für Europäische Unabhängigkeit,,,260.0,0.1
2025-02-23,Bremen,Mieterpartei,,,,
2025-02-23,Bremen,Nein!-Idee,,,,
2025-02-23,Bremen,Neue Liberale - Die Sozialliberalen,,,,
2025-02-23,Bremen,Ökologisch-Demokratische Partei,,,,
2025-02-23,Bremen,Partei Bibeltreuer Christen,,,,
2025-02-23,Bremen,Partei der Humanisten,,,,
2025-02-23,Bremen,Partei der Nichtwähler,,,,
2025-02-23,Bremen,Partei der Vernunft,,,,
2025-02-23,Bremen,Partei des Fortschritts,,,,
2025-02-23,Bremen,Partei für Verjüngungsforschung,,,303.0,0.1
2025-02-23,Bremen,PARTEI MENSCH UMWELT TIERSCHUTZ,,,,
2025-02-23,Bremen,Piratenpartei Deutschland,,,,
2025-02-23,Bremen,RENTNER Partei Deutschland,,,,
2025-02-23,Bremen,"SGV - Solidarität, Gerechtigkeit, Veränderung",,,,
2025-02-23,Bremen,"Sozialist.Gleichheitspartei, Vierte Internationale",,,,
2025-02-23,Bremen,Südschleswigscher Wählerverband,,,,
2025-02-23,Bremen,Thüringer Heimatpartei,,,,
2025-02-23,Bremen,UNABHÄNGIGE für bürgernahe Demokratie,,,,
2025-02-23,Bremen,Volt Deutschland,5736.0,1.7,3836.0,1.1
2025-02-23,Bremen,"V-Partei3 - Partei f. Veränd., Vegetarier, Veganer",,,,
2025-02-23,Bremen,WerteUnion,,,,
2025-02-23,Bremen,WiR2020,,,,
2025-02-23,Bremen,Sonstige Parteien,719.0,0.2,,
2025-02-23,Hamburg,Christlich Demokratische Union Deutschlands,232067.0,22.3,216935.0,20.7
2025-02-23,Hamburg,Alternative für Deutschland,114714.0,11.0,113608.0,10.9
2025-02-23,Hamburg,Sozialdemokratische Partei Deutschlands,292325.0,28.0,237740.0,22.7
2025-02-23,Hamburg,BÜNDNIS 90/DIE GRÜNEN,214621.0,20.6,201713.0,19.3
2025-02-23,Hamburg,Die Linke,129995.0,12.5,151115.0,14.5
2025-02-23,Hamburg,Christlich-Soziale Union in Bayern e.V.,,,,
2025-02-23,Hamburg,Ab jetzt... Demokratie durch Volksabstimmung,,,,
2025-02-23,Hamburg,Allianz Deutscher Demokraten,,,,
2025-02-23,Hamburg,"Allianz für Menschenrechte, Tier- und Naturschutz",,,,
2025-02-23,Hamburg,Basisdemokratische Partei Deutschland,,,,
2025-02-23,Hamburg,Bayernpartei,,,,
2025-02-23,Hamburg,"bergpartei, die überpartei",,,,
2025-02-23,Hamburg,Brandenb. Verein. Bürgerbewegungen/Freie Wähler,9714.0,0.9,3866.0,0.4
2025-02-23,Hamburg,Bund für Gesamtdeutschland,,,,
2025-02-23,Hamburg,Bündnis 21/RRP,,,,
2025-02-23,Hamburg,Bündnis C - Christen für Deutschland,,,,
2025-02-23,Hamburg,BÜNDNIS DEUTSCHLAND,,,1279.0,0.1
2025-02-23,Hamburg,Bündnis für Innovation und Gerechtigkeit,,,,
2025-02-23,Hamburg,Bündnis Grundeinkommen,,,,
2025-02-23,Hamburg,Bündnis Sahra Wagenknecht,,,41919.0,4.0
2025-02-23,Hamburg,Bürgerbewegung für Fortschritt und Wandel,,,,
2025-02-23,Hamburg,Bürgerbewegung pro Deutschland,,,,
2025-02-23,Hamburg,Bürgerrechtsbewegung Solidarität,,,,
2025-02-23,Hamburg,Demokratie in Bewegung,,,,
2025-02-23,Hamburg,DER DRITTE WEG,,,,
2025-02-23,Hamburg,Deutsche Kommunistische Partei,,,,
2025-02-23,Hamburg,DEUTSCHE KONSERVATIVE,,,,
2025-02-23,Hamburg,Deutsche Mitte,,,,
2025-02-23,Hamburg,Die Einheit,,,,
2025-02-23,Hamburg,Die Gerechtigkeitspartei - Team Todenhöfer,,,,
2025-02-23,Hamburg,Die Grauen - Für alle Generationen,,,,
2025-02-23,Hamburg,Die Heimat,,,,
2025-02-23,Hamburg,Die Partei,,,4518.0,0.4
2025-02-23,Hamburg,DIE RECHTE,,,,
2025-02-23,Hamburg,DIE REPUBLIKANER,,,,
2025-02-23,Hamburg,DIE SONSTIGEN,,,,
2025-02-23,Hamburg,Die Urbane. Eine HipHop Partei,,,,
2025-02-23,Hamburg,Die Violetten,,,,
2025-02-23,Hamburg,diePinken/BÜNDNIS21,,,,
2025-02-23,Hamburg,Europäische Partei LIEBE,,,,
2025-02-23,Hamburg,Familien-Partei Deutschlands,,,,
2025-02-23,Hamburg,Feministische Partei DIE FRAUEN,,,,
2025-02-23,Hamburg,Freie Demokratische Partei,35299.0,3.4,47115.0,4.5
2025-02-23,Hamburg,FREIE WÄHLER,,,,
2025-02-23,Hamburg,Gartenpartei,,,,
2025-02-23,Hamburg,Graue Panther,,,,
2025-02-23,Hamburg,Klimaliste Baden-Württemberg,,,,
2025-02-23,Hamburg,Liberale Demokraten - Die Sozialliberalen,,,,
2025-02-23,Hamburg,Liberal-Konservative Reformer,,,,
2025-02-23,Hamburg,Lobbyisten für Kinder,,,,
2025-02-23,Hamburg,Marxistisch-Leninistische Partei Deutschlands,1642.0,0.2,528.0,0.1
2025-02-23,Hamburg,Menschliche Welt,,,,
2025-02-23,Hamburg,MERA25 - Gemeinsam für Europäische Unabhängigkeit,,,,
2025-02-23,Hamburg,Mieterpartei,,,,
2025-02-23,Hamburg,Nein!-Idee,,,,
2025-02-23,Hamburg,Neue Liberale - Die Sozialliberalen,,,,
2025-02-23,Hamburg,Ökologisch-Demokratische Partei,,,,
2025-02-23,Hamburg,Partei Bibeltreuer Christen,,,,
2025-02-23,Hamburg,Partei der Humanisten,,,,
2025-02-23,Hamburg,Partei der Nichtwähler,,,,
2025-02-23,Hamburg,Partei der Vernunft,,,,
2025-02-23,Hamburg,Partei des Fortschritts,,,,
2025-02-23,Hamburg,Partei für Verjüngungsforschung,,,,
2025-02-23,Hamburg,PARTEI MENSCH UMWELT TIERSCHUTZ,,,9735.0,0.9
2025-02-23,Hamburg,Piratenpartei Deutschland,,,,
2025-02-23,Hamburg,RENTNER Partei Deutschland,,,,
2025-02-23,Hamburg,"SGV - Solidarität, Gerechtigkeit, Veränderung",,,,
2025-02-23,Hamburg,"Sozialist.Gleichheitspartei, Vierte Internationale",,,,
2025-02-23,Hamburg,Südschleswigscher Wählerverband,,,,
2025-02-23,Hamburg,Thüringer Heimatpartei,,,,
2025-02-23,Hamburg,UNABHÄNGIGE für bürgernahe Demokratie,,,,
2025-02-23,Hamburg,Volt Deutschland,11921.0,1.1,15549.0,1.5
2025-02-23,Hamburg,"V-Partei3 - Partei f. Veränd., Vegetarier, Veganer",,,,
2025-02-23,Hamburg,WerteUnion,,,,
2025-02-23,Hamburg,WiR2020,,,,
2025-02-23,Hamburg,Sonstige Parteien,,,,
2025-02-23,Hessen,Christlich Demokratische Union Deutschlands,1154330.0,32.3,1033842.0,28.9
2025-02-23,Hessen,Alternative für Deutschland,633669.0,17.7,636778.0,17.8
2025-02-23,Hessen,Sozialdemokratische Partei Deutschlands,843094.0,23.6,657510.0,18.4
2025-02-23,Hessen,BÜNDNIS 90/DIE GRÜNEN,411127.0,11.5,451510.0,12.6
2025-02-23,Hessen,Die Linke,256907.0,7.2,311058.0,8.7
2025-02-23,Hessen,Christlich-Soziale Union in Bayern e.V.,,,,
2025-02-23,Hessen,Ab jetzt... Demokratie durch Volksabstimmung,,,,
2025-02-23,Hessen,Allianz Deutscher Demokraten,,,,
2025-02-23,Hessen,"Allianz für Menschenrechte, Tier- und Naturschutz",,,,
2025-02-23,Hessen,Basisdemokratische Partei Deutschland,,,,
2025-02-23,Hessen,Bayernpartei,,,,
2025-02-23,Hessen,"bergpartei, die überpartei",,,,
2025-02-23,Hessen,Brandenb. Verein. Bürgerbewegungen/Freie Wähler,80795.0,2.3,46567.0,1.3
2025-02-23,Hessen,Bund für Gesamtdeutschland,,,,
2025-02-23,Hessen,Bündnis 21/RRP,,,,
2025-02-23,Hessen,Bündnis C - Christen für Deutschland,,,,
2025-02-23,Hessen,BÜNDNIS DEUTSCHLAND,3040.0,0.1,5740.0,0.2
2025-02-23,Hessen,Bündnis für Innovation und Gerechtigkeit,,,,
2025-02-23,Hessen,Bündnis Grundeinkommen,,,,
2025-02-23,Hessen,Bündnis Sahra Wagenknecht,,,158653.0,4.4
2025-02-23,Hessen,Bürgerbewegung für Fortschritt und Wandel,,,,
2025-02-23,Hessen,Bürgerbewegung pro Deutschland,,,,
2025-02-23,Hessen,Bürgerrechtsbewegung Solidarität,,,,
2025-02-23,Hessen,Demokratie in Bewegung,,,,
2025-02-23,Hessen,DER DRITTE WEG,,,,
2025-02-23,Hessen,Deutsche Kommunistische Partei,,,,
2025-02-23,Hessen,DEUTSCHE KONSERVATIVE,,,,
2025-02-23,Hessen,Deutsche Mitte,,,,
2025-02-23,Hessen,Die Einheit,,,,
2025-02-23,Hessen,Die Gerechtigkeitspartei - Team Todenhöfer,,,,
2025-02-23,Hessen,Die Grauen - Für alle Generationen,,,,
2025-02-23,Hessen,Die Heimat,,,,
2025-02-23,Hessen,Die Partei,7004.0,0.2,18111.0,0.5
2025-02-23,Hessen,DIE RECHTE,,,,
2025-02-23,Hessen,DIE REPUBLIKANER,,,,
2025-02-23,Hessen,DIE SONSTIGEN,,,,
2025-02-23,Hessen,Die Urbane. Eine HipHop Partei,,,,
2025-02-23,Hessen,Die Violetten,,,,
2025-02-23,Hessen,diePinken/BÜNDNIS21,,,,
2025-02-23,Hessen,Europäische Partei LIEBE,,,,
2025-02-23,Hessen,Familien-Partei Deutschlands,,,,
2025-02-23,Hessen,Feministische Partei DIE FRAUEN,,,,
2025-02-23,Hessen,Freie Demokratische Partei,128781.0,3.6,180823.0,5.0
2025-02-23,Hessen,FREIE WÄHLER,,,,
2025-02-23,Hessen,Gartenpartei,,,,
2025-02-23,Hessen,Graue Panther,,,,
2025-02-23,Hessen,Klimaliste Baden-Württemberg,,,,
2025-02-23,Hessen,Liberale Demokraten - Die Sozialliberalen,,,,
2025-02-23,Hessen,Liberal-Konservative Reformer,,,,
2025-02-23,Hessen,Lobbyisten für Kinder,,,,
2025-02-23,Hessen,Marxistisch-Leninistische Partei Deutschlands,1448.0,0.0,1170.0,0.0
2025-02-23,Hessen,Menschliche Welt,,,,
2025-02-23,Hessen,MERA25 - Gemeinsam für Europäische Unabhängigkeit,,,,
2025-02-23,Hessen,Mieterpartei,,,,
2025-02-23,Hessen,Nein!-Idee,,,,
2025-02-23,Hessen,Neue Liberale - Die Sozialliberalen,,,,
2025-02-23,Hessen,Ökologisch-Demokratische Partei,,,,
2025-02-23,Hessen,Partei Bibeltreuer Christen,,,,
2025-02-23,Hessen,Partei der Humanisten,,,3014.0,0.1
2025-02-23,Hessen,Partei der Nichtwähler,,,,
2025-02-23,Hessen,Partei der Vernunft,,,,
2025-02-23,Hessen,Partei des Fortschritts,,,,
2025-02-23,Hessen,Partei für Verjüngungsforschung,,,,
2025-02-23,Hessen,PARTEI MENSCH UMWELT TIERSCHUTZ,2772.0,0.1,44516.0,1.2
2025-02-23,Hessen,Piratenpartei Deutschland,,,,
2025-02-23,Hessen,RENTNER Partei Deutschland,,,,
2025-02-23,Hessen,"SGV - Solidarität, Gerechtigkeit, Veränderung",,,,
2025-02-23,Hessen,"Sozialist.Gleichheitspartei, Vierte Internationale",,,,
2025-02-23,Hessen,Südschleswigscher Wählerverband,,,,
2025-02-23,Hessen,Thüringer Heimatpartei,,,,
2025-02-23,Hessen,UNABHÄNGIGE für bürgernahe Demokratie,,,,
2025-02-23,Hessen,Volt Deutschland,47890.0,1.3,31542.0,0.9
2025-02-23,Hessen,"V-Partei3 - Partei f. Veränd., Vegetarier, Veganer",,,,
2025-02-23,Hessen,WerteUnion,,,,
2025-02-23,Hessen,WiR2020,,,,
2025-02-23,Hessen,Sonstige Parteien,1975.0,0.1,,
2025-02-23,Mecklenburg-Vorpommern,Christlich Demokratische Union Deutschlands,205786.0,20.2,181956.0,17.8
2025-02-23,Mecklenburg-Vorpommern,Alternative für Deutschland,376846.0,37.0,357361.0,35.0
2025-02-23,Mecklenburg-Vorpommern,Sozialdemokratische Partei Deutschlands,179547.0,17.6,126687.0,12.4
2025-02-23,Mecklenburg-Vorpommern,BÜNDNIS 90/DIE GRÜNEN,36898.0,3.6,54719.0,5.4
2025-02-23,Mecklenburg-Vorpommern,Die Linke,144778.0,14.2,123059.0,12.0
2025-02-23,Mecklenburg-Vorpommern,Christlich-Soziale Union in Bayern e.V.,,,,
2025-02-23,Mecklenburg-Vorpommern,Ab jetzt... Demokratie durch Volksabstimmung,,,,
2025-02-23,Mecklenburg-Vorpommern,Allianz Deutscher Demokraten,,,,
2025-02-23,Mecklenburg-Vorpommern,"Allianz für Menschenrechte, Tier- und Naturschutz",,,,
2025-02-23,Mecklenburg-Vorpommern,Basisdemokratische Partei Deutschland,,,,
2025-02-23,Mecklenburg-Vorpommern,Bayernpartei,,,,
2025-02-23,Mecklenburg-Vorpommern,"bergpartei, die überpartei",,,,
2025-02-23,Mecklenburg-Vorpommern,Brandenb. Verein. Bürgerbewegungen/Freie Wähler,27571.0,2.7,10814.0,1.1
2025-02-23,Mecklenburg-Vorpommern,Bund für Gesamtdeutschland,,,,
2025-02-23,Mecklenburg-Vorpommern,Bündnis 21/RRP,,,,
2025-02-23,Mecklenburg-Vorpommern,Bündnis C - Christen für Deutschland,,,,
2025-02-23,Mecklenburg-Vorpommern,BÜNDNIS DEUTSCHLAND,6839.0,0.7,3248.0,0.3
2025-02-23,Mecklenburg-Vorpommern,Bündnis für Innovation und Gerechtigkeit,,,,
2025-02-23,Mecklenburg-Vorpommern,Bündnis Grundeinkommen,,,,
2025-02-23,Mecklenburg-Vorpommern,Bündnis Sahra Wagenknecht,,,107872.0,10.6
2025-02-23,Mecklenburg-Vorpommern,Bürgerbewegung für Fortschritt und Wandel,,,,
2025-02-23,Mecklenburg-Vorpommern,Bürgerbewegung pro Deutschland,,,,
2025-02-23,Mecklenburg-Vorpommern,Bürgerrechtsbewegung Solidarität,,,,
2025-02-23,Mecklenburg-Vorpommern,Demokratie in Bewegung,,,,
2025-02-23,Mecklenburg-Vorpommern,DER DRITTE WEG,,,,
2025-02-23,Mecklenburg-Vorpommern,Deutsche Kommunistische Partei,,,,
2025-02-23,Mecklenburg-Vorpommern,DEUTSCHE KONSERVATIVE,,,,
2025-02-23,Mecklenburg-Vorpommern,Deutsche Mitte,,,,
2025-02-23,Mecklenburg-Vorpommern,Die Einheit,,,,
2025-02-23,Mecklenburg-Vorpommern,Die Gerechtigkeitspartei - Team Todenhöfer,,,,
2025-02-23,Mecklenburg-Vorpommern,Die Grauen - Für alle Generationen,,,,
2025-02-23,Mecklenburg-Vorpommern,Die Heimat,,,,
2025-02-23,Mecklenburg-Vorpommern,Die Partei,,,,
2025-02-23,Mecklenburg-Vorpommern,DIE RECHTE,,,,
2025-02-23,Mecklenburg-Vorpommern,DIE REPUBLIKANER,,,,
2025-02-23,Mecklenburg-Vorpommern,DIE SONSTIGEN,,,,
2025-02-23,Mecklenburg-Vorpommern,Die Urbane. Eine HipHop Partei,,,,
2025-02-23,Mecklenburg-Vorpommern,Die Violetten,,,,
2025-02-23,Mecklenburg-Vorpommern,diePinken/BÜNDNIS21,,,,
2025-02-23,Mecklenburg-Vorpommern,Europäische Partei LIEBE,,,,
2025-02-23,Mecklenburg-Vorpommern,Familien-Partei Deutschlands,,,,
2025-02-23,Mecklenburg-Vorpommern,Feministische Partei DIE FRAUEN,,,,
2025-02-23,Mecklenburg-Vorpommern,Freie Demokratische Partei,29339.0,2.9,32678.0,3.2
2025-02-23,Mecklenburg-Vorpommern,FREIE WÄHLER,,,,
2025-02-23,Mecklenburg-Vorpommern,Gartenpartei,,,,
2025-02-23,Mecklenburg-Vorpommern,Graue Panther,,,,
2025-02-23,Mecklenburg-Vorpommern,Klimaliste Baden-Württemberg,,,,
2025-02-23,Mecklenburg-Vorpommern,Liberale Demokraten - Die Sozialliberalen,,,,
2025-02-23,Mecklenburg-Vorpommern,Liberal-Konservative Reformer,,,,
2025-02-23,Mecklenburg-Vorpommern,Lobbyisten für Kinder,,,,
2025-02-23,Mecklenburg-Vorpommern,Marxistisch-Leninistische Partei Deutschlands,1284.0,0.1,842.0,0.1
2025-02-23,Mecklenburg-Vorpommern,Menschliche Welt,,,,
2025-02-23,Mecklenburg-Vorpommern,MERA25 - Gemeinsam für Europäische Unabhängigkeit,,,,
2025-02-23,Mecklenburg-Vorpommern,Mieterpartei,,,,
2025-02-23,Mecklenburg-Vorpommern,Nein!-Idee,,,,
2025-02-23,Mecklenburg-Vorpommern,Neue Liberale - Die Sozialliberalen,,,,
2025-02-23,Mecklenburg-Vorpommern,Ökologisch-Demokratische Partei,,,,
2025-02-23,Mecklenburg-Vorpommern,Partei Bibeltreuer Christen,,,,
2025-02-23,Mecklenburg-Vorpommern,Partei der Humanisten,,,,
2025-02-23,Mecklenburg-Vorpommern,Partei der Nichtwähler,,,,
2025-02-23,Mecklenburg-Vorpommern,Partei der Vernunft,,,,
2025-02-23,Mecklenburg-Vorpommern,Partei des Fortschritts,,,,
2025-02-23,Mecklenburg-Vorpommern,Partei für Verjüngungsforschung,,,,
2025-02-23,Mecklenburg-Vorpommern,PARTEI MENSCH UMWELT TIERSCHUTZ,6199.0,0.6,15656.0,1.5
2025-02-23,Mecklenburg-Vorpommern,Piratenpartei Deutschland,,,,
2025-02-23,Mecklenburg-Vorpommern,RENTNER Partei Deutschland,,,,
2025-02-23,Mecklenburg-Vorpommern,"SGV - Solidarität, Gerechtigkeit, Veränderung",,,,
2025-02-23,Mecklenburg-Vorpommern,"Sozialist.Gleichheitspartei, Vierte Internationale",,,,
2025-02-23,Mecklenburg-Vorpommern,Südschleswigscher Wählerverband,,,,
2025-02-23,Mecklenburg-Vorpommern,Thüringer Heimatpartei,,,,
2025-02-23,Mecklenburg-Vorpommern,UNABHÄNGIGE für bürgernahe Demokratie,,,,
2025-02-23,Mecklenburg-Vorpommern,Volt Deutschland,,,6350.0,0.6
2025-02-23,Mecklenburg-Vorpommern,"V-Partei3 - Partei f. Veränd., Vegetarier, Veganer",,,,
2025-02-23,Mecklenburg-Vorpommern,WerteUnion,,,,
2025-02-23,Mecklenburg-Vorpommern,WiR2020,,,,
2025-02-23,Mecklenburg-Vorpommern,Sonstige Parteien,2636.0,0.3,,
2025-02-23,Niedersachsen,Christlich Demokratische Union Deutschlands,1558417.0,31.1,1410418.0,28.1
2025-02-23,Niedersachsen,Alternative für Deutschland,881225.0,17.6,894540.0,17.8
2025-02-23,Niedersachsen,Sozialdemokratische Partei Deutschlands,1469704.0,29.4,1153523.0,23.0
2025-02-23,Niedersachsen,BÜNDNIS 90/DIE GRÜNEN,487326.0,9.7,576845.0,11.5
2025-02-23,Niedersachsen,Die Linke,321569.0,6.4,405519.0,8.1
2025-02-23,Niedersachsen,Christlich-Soziale Union in Bayern e.V.,,,,
2025-02-23,Niedersachsen,Ab jetzt... Demokratie durch Volksabstimmung,,,,
2025-02-23,Niedersachsen,Allianz Deutscher Demokraten,,,,
2025-02-23,Niedersachsen,"Allianz für Menschenrechte, Tier- und Naturschutz",,,,
2025-02-23,Niedersachsen,Basisdemokratische Partei Deutschland,4126.0,0.1,12466.0,0.2
2025-02-23,Niedersachsen,Bayernpartei,,,,
2025-02-23,Niedersachsen,"bergpartei, die überpartei",,,,
2025-02-23,Niedersachsen,Brandenb. Verein. Bürgerbewegungen/Freie Wähler,68432.0,1.4,37628.0,0.8
2025-02-23,Niedersachsen,Bund für Gesamtdeutschland,,,,
2025-02-23,Niedersachsen,Bündnis 21/RRP,,,,
2025-02-23,Niedersachsen,Bündnis C - Christen für Deutschland,,,,
2025-02-23,Niedersachsen,BÜNDNIS DEUTSCHLAND,4332.0,0.1,6290.0,0.1
2025-02-23,Niedersachsen,Bündnis für Innovation und Gerechtigkeit,,,,
2025-02-23,Niedersachsen,Bündnis Grundeinkommen,,,,
2025-02-23,Niedersachsen,Bündnis Sahra Wagenknecht,,,189376.0,3.8
2025-02-23,Niedersachsen,Bürgerbewegung für Fortschritt und Wandel,,,,
2025-02-23,Niedersachsen,Bürgerbewegung pro Deutschland,,,,
2025-02-23,Niedersachsen,Bürgerrechtsbewegung Solidarität,,,,
2025-02-23,Niedersachsen,Demokratie in Bewegung,,,,
2025-02-23,Niedersachsen,DER DRITTE WEG,,,,
2025-02-23,Niedersachsen,Deutsche Kommunistische Partei,,,,
2025-02-23,Niedersachsen,DEUTSCHE KONSERVATIVE,,,,
2025-02-23,Niedersachsen,Deutsche Mitte,,,,
2025-02-23,Niedersachsen,Die Einheit,,,,
2025-02-23,Niedersachsen,Die Gerechtigkeitspartei - Team Todenhöfer,,,,
2025-02-23,Niedersachsen,Die Grauen - Für alle Generationen,,,,
2025-02-23,Niedersachsen,Die Heimat,,,,
2025-02-23,Niedersachsen,Die Partei,4541.0,0.1,22360.0,0.4
2025-02-23,Niedersachsen,DIE RECHTE,,,,
2025-02-23,Niedersachsen,DIE REPUBLIKANER,,,,
2025-02-23,Niedersachsen,DIE SONSTIGEN,,,,
2025-02-23,Niedersachsen,Die Urbane. Eine HipHop Partei,,,,
2025-02-23,Niedersachsen,Die Violetten,,,,
2025-02-23,Niedersachsen,diePinken/BÜNDNIS21,,,,
2025-02-23,Niedersachsen,Europäische Partei LIEBE,,,,
2025-02-23,Niedersachsen,Familien-Partei Deutschlands,,,,
2025-02-23,Niedersachsen,Feministische Partei DIE FRAUEN,,,,
2025-02-23,Niedersachsen,Freie Demokratische Partei,148320.0,3.0,205163.0,4.1
2025-02-23,Niedersachsen,FREIE WÄHLER,,,,
2025-02-23,Niedersachsen,Gartenpartei,,,,
2025-02-23,Niedersachsen,Graue Panther,,,,
2025-02-23,Niedersachsen,Klimaliste Baden-Württemberg,,,,
2025-02-23,Niedersachsen,Liberale Demokraten - Die Sozialliberalen,,,,
2025-02-23,Niedersachsen,Liberal-Konservative Reformer,,,,
2025-02-23,Niedersachsen,Lobbyisten für Kinder,,,,
2025-02-23,Niedersachsen,Marxistisch-Leninistische Partei Deutschlands,1334.0,0.0,1242.0,0.0
2025-02-23,Niedersachsen,Menschliche Welt,,,,
2025-02-23,Niedersachsen,MERA25 - Gemeinsam für Europäische Unabhängigkeit,,,,
2025-02-23,Niedersachsen,Mieterpartei,,,,
2025-02-23,Niedersachsen,Nein!-Idee,,,,
2025-02-23,Niedersachsen,Neue Liberale - Die Sozialliberalen,,,,
2025-02-23,Niedersachsen,Ökologisch-Demokratische Partei,,,,
2025-02-23,Niedersachsen,Partei Bibeltreuer Christen,,,,
2025-02-23,Niedersachsen,Partei der Humanisten,,,3342.0,0.1
2025-02-23,Niedersachsen,Partei der Nichtwähler,,,,
2025-02-23,Niedersachsen,Partei der Vernunft,,,,
2025-02-23,Niedersachsen,Partei des Fortschritts,,,,
2025-02-23,Niedersachsen,Partei für Verjüngungsforschung,,,,
2025-02-23,Niedersachsen,PARTEI MENSCH UMWELT TIERSCHUTZ,7649.0,0.2,58107.0,1.2
2025-02-23,Niedersachsen,Piratenpartei Deutschland,2151.0,0.0,8029.0,0.2
2025-02-23,Niedersachsen,RENTNER Partei Deutschland,,,,
2025-02-23,Niedersachsen,"SGV - Solidarität, Gerechtigkeit, Veränderung",,,,
2025-02-23,Niedersachsen,"Sozialist.Gleichheitspartei, Vierte Internationale",,,,
2025-02-23,Niedersachsen,Südschleswigscher Wählerverband,,,,
2025-02-23,Niedersachsen,Thüringer Heimatpartei,,,,
2025-02-23,Niedersachsen,UNABHÄNGIGE für bürgernahe Demokratie,,,,
2025-02-23,Niedersachsen,Volt Deutschland,40077.0,0.8,30488.0,0.6
2025-02-23,Niedersachsen,"V-Partei3 - Partei f. Veränd., Vegetarier, Veganer",,,,
2025-02-23,Niedersachsen,WerteUnion,,,,
2025-02-23,Niedersachsen,WiR2020,,,,
2025-02-23,Niedersachsen,Sonstige Parteien,6012.0,0.1,,
2025-02-23,Nordrhein-Westfalen,Christlich Demokratische Union Deutschlands,3566853.0,34.0,3170627.0,30.1
2025-02-23,Nordrhein-Westfalen,Alternative für Deutschland,1720896.0,16.4,1770379.0,16.8
2025-02-23,Nordrhein-Westfalen,Sozialdemokratische Partei Deutschlands,2633792.0,25.1,2108434.0,20.0
2025-02-23,Nordrhein-Westfalen,BÜNDNIS 90/DIE GRÜNEN,1230253.0,11.7,1300901.0,12.4
2025-02-23,Nordrhein-Westfalen,Die Linke,714177.0,6.8,877123.0,8.3
2025-02-23,Nordrhein-Westfalen,Christlich-Soziale Union in Bayern e.V.,,,,
2025-02-23,Nordrhein-Westfalen,Ab jetzt... Demokratie durch Volksabstimmung,,,,
2025-02-23,Nordrhein-Westfalen,Allianz Deutscher Demokraten,,,,
2025-02-23,Nordrhein-Westfalen,"Allianz für Menschenrechte, Tier- und Naturschutz",,,,
2025-02-23,Nordrhein-Westfalen,Basisdemokratische Partei Deutschland,,,22219.0,0.2
2025-02-23,Nordrhein-Westfalen,Bayernpartei,,,,
2025-02-23,Nordrhein-Westfalen,"bergpartei, die überpartei",,,,
2025-02-23,Nordrhein-Westfalen,Brandenb. Verein. Bürgerbewegungen/Freie Wähler,113892.0,1.1,52891.0,0.5
2025-02-23,Nordrhein-Westfalen,Bund für Gesamtdeutschland,,,,
2025-02-23,Nordrhein-Westfalen,Bündnis 21/RRP,,,,
2025-02-23,Nordrhein-Westfalen,Bündnis C - Christen für Deutschland,,,,
2025-02-23,Nordrhein-Westfalen,BÜNDNIS DEUTSCHLAND,16093.0,0.2,13669.0,0.1
2025-02-23,Nordrhein-Westfalen,Bündnis für Innovation und Gerechtigkeit,,,,
2025-02-23,Nordrhein-Westfalen,Bündnis Grundeinkommen,,,,
2025-02-23,Nordrhein-Westfalen,Bündnis Sahra Wagenknecht,6515.0,0.1,432911.0,4.1
2025-02-23,Nordrhein-Westfalen,Bürgerbewegung für Fortschritt und Wandel,,,,
2025-02-23,Nordrhein-Westfalen,Bürgerbewegung pro Deutschland,,,,
2025-02-23,Nordrhein-Westfalen,Bürgerrechtsbewegung Solidarität,,,,
2025-02-23,Nordrhein-Westfalen,Demokratie in Bewegung,,,,
2025-02-23,Nordrhein-Westfalen,DER DRITTE WEG,,,,
2025-02-23,Nordrhein-Westfalen,Deutsche Kommunistische Partei,,,,
2025-02-23,Nordrhein-Westfalen,DEUTSCHE KONSERVATIVE,,,,
2025-02-23,Nordrhein-Westfalen,Deutsche Mitte,,,,
2025-02-23,Nordrhein-Westfalen,Die Einheit,,,,
2025-02-23,Nordrhein-Westfalen,Die Gerechtigkeitspartei - Team Todenhöfer,5089.0,0.0,20021.0,0.2
2025-02-23,Nordrhein-Westfalen,Die Grauen - Für alle Generationen,,,,
2025-02-23,Nordrhein-Westfalen,Die Heimat,,,,
2025-02-23,Nordrhein-Westfalen,Die Partei,33497.0,0.3,59077.0,0.6
2025-02-23,Nordrhein-Westfalen,DIE RECHTE,,,,
2025-02-23,Nordrhein-Westfalen,DIE REPUBLIKANER,,,,
2025-02-23,Nordrhein-Westfalen,DIE SONSTIGEN,,,,
2025-02-23,Nordrhein-Westfalen,Die Urbane. Eine HipHop Partei,,,,
2025-02-23,Nordrhein-Westfalen,Die Violetten,,,,
2025-02-23,Nordrhein-Westfalen,diePinken/BÜNDNIS21,,,,
2025-02-23,Nordrhein-Westfalen,Europäische Partei LIEBE,,,,
2025-02-23,Nordrhein-Westfalen,Familien-Partei Deutschlands,,,,
2025-02-23,Nordrhein-Westfalen,Feministische Partei DIE FRAUEN,,,,
2025-02-23,Nordrhein-Westfalen,Freie Demokratische Partei,349157.0,3.3,462446.0,4.4
2025-02-23,Nordrhein-Westfalen,FREIE WÄHLER,,,,
2025-02-23,Nordrhein-Westfalen,Gartenpartei,,,,
2025-02-23,Nordrhein-Westfalen,Graue Panther,,,,
2025-02-23,Nordrhein-Westfalen,Klimaliste Baden-Württemberg,,,,
2025-02-23,Nordrhein-Westfalen,Liberale Demokraten - Die Sozialliberalen,,,,
2025-02-23,Nordrhein-Westfalen,Liberal-Konservative Reformer,,,,
2025-02-23,Nordrhein-Westfalen,Lobbyisten für Kinder,,,,
2025-02-23,Nordrhein-Westfalen,Marxistisch-Leninistische Partei Deutschlands,7435.0,0.1,4045.0,0.0
2025-02-23,Nordrhein-Westfalen,Menschliche Welt,,,,
2025-02-23,Nordrhein-Westfalen,MERA25 - Gemeinsam für Europäische Unabhängigkeit,,,4295.0,0.0
2025-02-23,Nordrhein-Westfalen,Mieterpartei,,,,
2025-02-23,Nordrhein-Westfalen,Nein!-Idee,,,,
2025-02-23,Nordrhein-Westfalen,Neue Liberale - Die Sozialliberalen,,,,
2025-02-23,Nordrhein-Westfalen,Ökologisch-Demokratische Partei,,,,
2025-02-23,Nordrhein-Westfalen,Partei Bibeltreuer Christen,,,,
2025-02-23,Nordrhein-Westfalen,Partei der Humanisten,,,,
2025-02-23,Nordrhein-Westfalen,Partei der Nichtwähler,,,,
2025-02-23,Nordrhein-Westfalen,Partei der Vernunft,,,,
2025-02-23,Nordrhein-Westfalen,Partei des Fortschritts,1282.0,0.0,17965.0,0.2
2025-02-23,Nordrhein-Westfalen,Partei für Verjüngungsforschung,,,,
2025-02-23,Nordrhein-Westfalen,PARTEI MENSCH UMWELT TIERSCHUTZ,,,133480.0,1.3
2025-02-23,Nordrhein-Westfalen,Piratenpartei Deutschland,,,,
2025-02-23,Nordrhein-Westfalen,RENTNER Partei Deutschland,,,,
2025-02-23,Nordrhein-Westfalen,"SGV - Solidarität, Gerechtigkeit, Veränderung",,,,
2025-02-23,Nordrhein-Westfalen,"Sozialist.Gleichheitspartei, Vierte Internationale",,,,
2025-02-23,Nordrhein-Westfalen,Südschleswigscher Wählerverband,,,,
2025-02-23,Nordrhein-Westfalen,Thüringer Heimatpartei,,,,
2025-02-23,Nordrhein-Westfalen,UNABHÄNGIGE für bürgernahe Demokratie,,,,
2025-02-23,Nordrhein-Westfalen,Volt Deutschland,79713.0,0.8,68915.0,0.7
2025-02-23,Nordrhein-Westfalen,"V-Partei3 - Partei f. Veränd., Vegetarier, Veganer",,,,
2025-02-23,Nordrhein-Westfalen,WerteUnion,2849.0,0.0,6736.0,0.1
2025-02-23,Nordrhein-Westfalen,WiR2020,,,,
2025-02-23,Nordrhein-Westfalen,Sonstige Parteien,8936.0,0.1,,
2025-02-23,Rheinland-Pfalz,Christlich Demokratische Union Deutschlands,831611.0,33.6,760623.0,30.6
2025-02-23,Rheinland-Pfalz,Alternative für Deutschland,476014.0,19.2,498695.0,20.1
2025-02-23,Rheinland-Pfalz,Sozialdemokratische Partei Deutschlands,573461.0,23.2,462705.0,18.6
2025-02-23,Rheinland-Pfalz,BÜNDNIS 90/DIE GRÜNEN,204080.0,8.3,256869.0,10.3
2025-02-23,Rheinland-Pfalz,Die Linke,123638.0,5.0,161867.0,6.5
2025-02-23,Rheinland-Pfalz,Christlich-Soziale Union in Bayern e.V.,,,,
2025-02-23,Rheinland-Pfalz,Ab jetzt... Demokratie durch Volksabstimmung,,,,
2025-02-23,Rheinland-Pfalz,Allianz Deutscher Demokraten,,,,
2025-02-23,Rheinland-Pfalz,"Allianz für Menschenrechte, Tier- und Naturschutz",,,,
2025-02-23,Rheinland-Pfalz,Basisdemokratische Partei Deutschland,,,,
2025-02-23,Rheinland-Pfalz,Bayernpartei,,,,
2025-02-23,Rheinland-Pfalz,"bergpartei, die überpartei",,,,
2025-02-23,Rheinland-Pfalz,Brandenb. Verein. Bürgerbewegungen/Freie Wähler,80572.0,3.3,52013.0,2.1
2025-02-23,Rheinland-Pfalz,Bund für Gesamtdeutschland,,,,
2025-02-23,Rheinland-Pfalz,Bündnis 21/RRP,,,,
2025-02-23,Rheinland-Pfalz,Bündnis C - Christen für Deutschland,,,,
2025-02-23,Rheinland-Pfalz,BÜNDNIS DEUTSCHLAND,2538.0,0.1,3884.0,0.2
2025-02-23,Rheinland-Pfalz,Bündnis für Innovation und Gerechtigkeit,,,,
2025-02-23,Rheinland-Pfalz,Bündnis Grundeinkommen,,,,
2025-02-23,Rheinland-Pfalz,Bündnis Sahra Wagenknecht,54639.0,2.2,105103.0,4.2
2025-02-23,Rheinland-Pfalz,Bürgerbewegung für Fortschritt und Wandel,,,,
2025-02-23,Rheinland-Pfalz,Bürgerbewegung pro Deutschland,,,,
2025-02-23,Rheinland-Pfalz,Bürgerrechtsbewegung Solidarität,,,,
2025-02-23,Rheinland-Pfalz,Demokratie in Bewegung,,,,
2025-02-23,Rheinland-Pfalz,DER DRITTE WEG,,,,
2025-02-23,Rheinland-Pfalz,Deutsche Kommunistische Partei,,,,
2025-02-23,Rheinland-Pfalz,DEUTSCHE KONSERVATIVE,,,,
2025-02-23,Rheinland-Pfalz,Deutsche Mitte,,,,
2025-02-23,Rheinland-Pfalz,Die Einheit,,,,
2025-02-23,Rheinland-Pfalz,Die Gerechtigkeitspartei - Team Todenhöfer,,,,
2025-02-23,Rheinland-Pfalz,Die Grauen - Für alle Generationen,,,,
2025-02-23,Rheinland-Pfalz,Die Heimat,,,,
2025-02-23,Rheinland-Pfalz,Die Partei,1440.0,0.1,11454.0,0.5
2025-02-23,Rheinland-Pfalz,DIE RECHTE,,,,
2025-02-23,Rheinland-Pfalz,DIE REPUBLIKANER,,,,
2025-02-23,Rheinland-Pfalz,DIE SONSTIGEN,,,,
2025-02-23,Rheinland-Pfalz,Die Urbane. Eine HipHop Partei,,,,
2025-02-23,Rheinland-Pfalz,Die Violetten,,,,
2025-02-23,Rheinland-Pfalz,diePinken/BÜNDNIS21,,,,
2025-02-23,Rheinland-Pfalz,Europäische Partei LIEBE,,,,
2025-02-23,Rheinland-Pfalz,Familien-Partei Deutschlands,,,,
2025-02-23,Rheinland-Pfalz,Feministische Partei DIE FRAUEN,,,,
2025-02-23,Rheinland-Pfalz,Freie Demokratische Partei,83327.0,3.4,114047.0,4.6
2025-02-23,Rheinland-Pfalz,FREIE WÄHLER,,,,
2025-02-23,Rheinland-Pfalz,Gartenpartei,,,,
2025-02-23,Rheinland-Pfalz,Graue Panther,,,,
2025-02-23,Rheinland-Pfalz,Klimaliste Baden-Württemberg,,,,
2025-02-23,Rheinland-Pfalz,Liberale Demokraten - Die Sozialliberalen,,,,
2025-02-23,Rheinland-Pfalz,Liberal-Konservative Reformer,,,,
2025-02-23,Rheinland-Pfalz,Lobbyisten für Kinder,,,,
2025-02-23,Rheinland-Pfalz,Marxistisch-Leninistische Partei Deutschlands,,,571.0,0.0
2025-02-23,Rheinland-Pfalz,Menschliche Welt,,,,
2025-02-23,Rheinland-Pfalz,MERA25 - Gemeinsam für Europäische Unabhängigkeit,,,,
2025-02-23,Rheinland-Pfalz,Mieterpartei,,,,
2025-02-23,Rheinland-Pfalz,Nein!-Idee,,,,
2025-02-23,Rheinland-Pfalz,Neue Liberale - Die Sozialliberalen,,,,
2025-02-23,Rheinland-Pfalz,Ökologisch-Demokratische Partei,3611.0,0.1,4139.0,0.2
2025-02-23,Rheinland-Pfalz,Partei Bibeltreuer Christen,,,,
2025-02-23,Rheinland-Pfalz,Partei der Humanisten,,,,
2025-02-23,Rheinland-Pfalz,Partei der Nichtwähler,,,,
2025-02-23,Rheinland-Pfalz,Partei der Vernunft,,,,
2025-02-23,Rheinland-Pfalz,Partei des Fortschritts,,,,
2025-02-23,Rheinland-Pfalz,Partei für Verjüngungsforschung,,,,
2025-02-23,Rheinland-Pfalz,PARTEI MENSCH UMWELT TIERSCHUTZ,11109.0,0.4,31542.0,1.3
2025-02-23,Rheinland-Pfalz,Piratenpartei Deutschland,,,,
2025-02-23,Rheinland-Pfalz,RENTNER Partei Deutschland,,,,
2025-02-23,Rheinland-Pfalz,"SGV - Solidarität, Gerechtigkeit, Veränderung",,,,
2025-02-23,Rheinland-Pfalz,"Sozialist.Gleichheitspartei, Vierte Internationale",,,,
2025-02-23,Rheinland-Pfalz,Südschleswigscher Wählerverband,,,,
2025-02-23,Rheinland-Pfalz,Thüringer Heimatpartei,,,,
2025-02-23,Rheinland-Pfalz,UNABHÄNGIGE für bürgernahe Demokratie,,,,
2025-02-23,Rheinland-Pfalz,Volt Deutschland,26409.0,1.1,18846.0,0.8
2025-02-23,Rheinland-Pfalz,"V-Partei3 - Partei f. Veränd., Vegetarier, Veganer",,,,
2025-02-23,Rheinland-Pfalz,WerteUnion,,,,
2025-02-23,Rheinland-Pfalz,WiR2020,,,,
2025-02-23,Rheinland-Pfalz,Sonstige Parteien,602.0,0.0,,
2025-02-23,Saarland,Christlich Demokratische Union Deutschlands,177003.0,29.6,161113.0,26.9
2025-02-23,Saarland,Alternative für Deutschland,129177.0,21.6,129294.0,21.6
2025-02-23,Saarland,Sozialdemokratische Partei Deutschlands,178745.0,29.9,131136.0,21.9
2025-02-23,Saarland,BÜNDNIS 90/DIE GRÜNEN,30477.0,5.1,43371.0,7.2
2025-02-23,Saarland,Die Linke,41215.0,6.9,44080.0,7.4
2025-02-23,Saarland,Christlich-Soziale Union in Bayern e.V.,,,,
2025-02-23,Saarland,Ab jetzt... Demokratie durch Volksabstimmung,,,,
2025-02-23,Saarland,Allianz Deutscher Demokraten,,,,
2025-02-23,Saarland,"Allianz für Menschenrechte, Tier- und Naturschutz",,,,
2025-02-23,Saarland,Basisdemokratische Partei Deutschland,,,,
2025-02-23,Saarland,Bayernpartei,,,,
2025-02-23,Saarland,"bergpartei, die überpartei",,,,
2025-02-23,Saarland,Brandenb. Verein. Bürgerbewegungen/Freie Wähler,19458.0,3.3,8476.0,1.4
2025-02-23,Saarland,Bund für Gesamtdeutschland,,,,
2025-02-23,Saarland,Bündnis 21/RRP,,,,
2025-02-23,Saarland,Bündnis C - Christen für Deutschland,,,,
2025-02-23,Saarland,BÜNDNIS DEUTSCHLAND,,,1487.0,0.2
2025-02-23,Saarland,Bündnis für Innovation und Gerechtigkeit,,,,
2025-02-23,Saarland,Bündnis Grundeinkommen,,,,
2025-02-23,Saarland,Bündnis Sahra Wagenknecht,,,37001.0,6.2
2025-02-23,Saarland,Bürgerbewegung für Fortschritt und Wandel,,,,
2025-02-23,Saarland,Bürgerbewegung pro Deutschland,,,,
2025-02-23,Saarland,Bürgerrechtsbewegung Solidarität,,,,
2025-02-23,Saarland,Demokratie in Bewegung,,,,
2025-02-23,Saarland,DER DRITTE WEG,,,,
2025-02-23,Saarland,Deutsche Kommunistische Partei,,,,
2025-02-23,Saarland,DEUTSCHE KONSERVATIVE,,,,
2025-02-23,Saarland,Deutsche Mitte,,,,
2025-02-23,Saarland,Die Einheit,,,,
2025-02-23,Saarland,Die Gerechtigkeitspartei - Team Todenhöfer,,,,
2025-02-23,Saarland,Die Grauen - Für alle Generationen,,,,
2025-02-23,Saarland,Die Heimat,,,,
2025-02-23,Saarland,Die Partei,,,,
2025-02-23,Saarland,DIE RECHTE,,,,
2025-02-23,Saarland,DIE REPUBLIKANER,,,,
2025-02-23,Saarland,DIE SONSTIGEN,,,,
2025-02-23,Saarland,Die Urbane. Eine HipHop Partei,,,,
2025-02-23,Saarland,Die Violetten,,,,
2025-02-23,Saarland,diePinken/BÜNDNIS21,,,,
2025-02-23,Saarland,Europäische Partei LIEBE,,,,
2025-02-23,Saarland,Familien-Partei Deutschlands,,,,
2025-02-23,Saarland,Feministische Partei DIE FRAUEN,,,,
2025-02-23,Saarland,Freie Demokratische Partei,20611.0,3.5,25725.0,4.3
2025-02-23,Saarland,FREIE WÄHLER,,,,
2025-02-23,Saarland,Gartenpartei,,,,
2025-02-23,Saarland,Graue Panther,,,,
2025-02-23,Saarland,Klimaliste Baden-Württemberg,,,,
2025-02-23,Saarland,Liberale Demokraten - Die Sozialliberalen,,,,
2025-02-23,Saarland,Liberal-Konservative Reformer,,,,
2025-02-23,Saarland,Lobbyisten für Kinder,,,,
2025-02-23,Saarland,Marxistisch-Leninistische Partei Deutschlands,556.0,0.1,304.0,0.1
2025-02-23,Saarland,Menschliche Welt,,,,
2025-02-23,Saarland,MERA25 - Gemeinsam für Europäische Unabhängigkeit,,,,
2025-02-23,Saarland,Mieterpartei,,,,
2025-02-23,Saarland,Nein!-Idee,,,,
2025-02-23,Saarland,Neue Liberale - Die Sozialliberalen,,,,
2025-02-23,Saarland,Ökologisch-Demokratische Partei,,,,
2025-02-23,Saarland,Partei Bibeltreuer Christen,,,,
2025-02-23,Saarland,Partei der Humanisten,,,,
2025-02-23,Saarland,Partei der Nichtwähler,,,,
2025-02-23,Saarland,Partei der Vernunft,,,,
2025-02-23,Saarland,Partei des Fortschritts,,,,
2025-02-23,Saarland,Partei für Verjüngungsforschung,,,,
2025-02-23,Saarland,PARTEI MENSCH UMWELT TIERSCHUTZ,,,12263.0,2.0
2025-02-23,Saarland,Piratenpartei Deutschland,,,1753.0,0.3
2025-02-23,Saarland,RENTNER Partei Deutschland,,,,
2025-02-23,Saarland,"SGV - Solidarität, Gerechtigkeit, Veränderung",,,,
2025-02-23,Saarland,"Sozialist.Gleichheitspartei, Vierte Internationale",,,,
2025-02-23,Saarland,Südschleswigscher Wählerverband,,,,
2025-02-23,Saarland,Thüringer Heimatpartei,,,,
2025-02-23,Saarland,UNABHÄNGIGE für bürgernahe Demokratie,,,,
2025-02-23,Saarland,Volt Deutschland,,,3720.0,0.6
2025-02-23,Saarland,"V-Partei3 - Partei f. Veränd., Vegetarier, Veganer",,,,
2025-02-23,Saarland,WerteUnion,,,,
2025-02-23,Saarland,WiR2020,,,,
2025-02-23,Saarland,Sonstige Parteien,,,,
2025-02-23,Sachsen,Christlich Demokratische Union Deutschlands,612826.0,23.9,507247.0,19.7
2025-02-23,Sachsen,Alternative für Deutschland,986060.0,38.5,958401.0,37.3
2025-02-23,Sachsen,Sozialdemokratische Partei Deutschlands,247349.0,9.7,217144.0,8.5
2025-02-23,Sachsen,BÜNDNIS 90/DIE GRÜNEN,129025.0,5.0,167269.0,6.5
2025-02-23,Sachsen,Die Linke,326830.0,12.8,290462.0,11.3
2025-02-23,Sachsen,Christlich-Soziale Union in Bayern e.V.,,,,
2025-02-23,Sachsen,Ab jetzt... Demokratie durch Volksabstimmung,,,,
2025-02-23,Sachsen,Allianz Deutscher Demokraten,,,,
2025-02-23,Sachsen,"Allianz für Menschenrechte, Tier- und Naturschutz",,,,
2025-02-23,Sachsen,Basisdemokratische Partei Deutschland,,,,
2025-02-23,Sachsen,Bayernpartei,,,,
2025-02-23,Sachsen,"bergpartei, die überpartei",,,,
2025-02-23,Sachsen,Brandenb. Verein. Bürgerbewegungen/Freie Wähler,71775.0,2.8,40139.0,1.6
2025-02-23,Sachsen,Bund für Gesamtdeutschland,,,,
2025-02-23,Sachsen,Bündnis 21/RRP,,,,
2025-02-23,Sachsen,Bündnis C - Christen für Deutschland,,,,
2025-02-23,Sachsen,BÜNDNIS DEUTSCHLAND,11666.0,0.5,7435.0,0.3
2025-02-23,Sachsen,Bündnis für Innovation und Gerechtigkeit,,,,
2025-02-23,Sachsen,Bündnis Grundeinkommen,,,,
2025-02-23,Sachsen,Bündnis Sahra Wagenknecht,79556.0,3.1,232257.0,9.0
2025-02-23,Sachsen,Bürgerbewegung für Fortschritt und Wandel,,,,
2025-02-23,Sachsen,Bürgerbewegung pro Deutschland,,,,
2025-02-23,Sachsen,Bürgerrechtsbewegung Solidarität,,,,
2025-02-23,Sachsen,Demokratie in Bewegung,,,,
2025-02-23,Sachsen,DER DRITTE WEG,,,,
2025-02-23,Sachsen,Deutsche Kommunistische Partei,,,,
2025-02-23,Sachsen,DEUTSCHE KONSERVATIVE,,,,
2025-02-23,Sachsen,Deutsche Mitte,,,,
2025-02-23,Sachsen,Die Einheit,,,,
2025-02-23,Sachsen,Die Gerechtigkeitspartei - Team Todenhöfer,,,,
2025-02-23,Sachsen,Die Grauen - Für alle Generationen,,,,
2025-02-23,Sachsen,Die Heimat,,,,
2025-02-23,Sachsen,Die Partei,12288.0,0.5,13692.0,0.5
2025-02-23,Sachsen,DIE RECHTE,,,,
2025-02-23,Sachsen,DIE REPUBLIKANER,,,,
2025-02-23,Sachsen,DIE SONSTIGEN,,,,
2025-02-23,Sachsen,Die Urbane. Eine HipHop Partei,,,,
2025-02-23,Sachsen,Die Violetten,,,,
2025-02-23,Sachsen,diePinken/BÜNDNIS21,,,,
2025-02-23,Sachsen,Europäische Partei LIEBE,,,,
2025-02-23,Sachsen,Familien-Partei Deutschlands,,,,
2025-02-23,Sachsen,Feministische Partei DIE FRAUEN,,,,
2025-02-23,Sachsen,Freie Demokratische Partei,69629.0,2.7,83436.0,3.2
2025-02-23,Sachsen,FREIE WÄHLER,,,,
2025-02-23,Sachsen,Gartenpartei,,,,
2025-02-23,Sachsen,Graue Panther,,,,
2025-02-23,Sachsen,Klimaliste Baden-Württemberg,,,,
2025-02-23,Sachsen,Liberale Demokraten - Die Sozialliberalen,,,,
2025-02-23,Sachsen,Liberal-Konservative Reformer,,,,
2025-02-23,Sachsen,Lobbyisten für Kinder,,,,
2025-02-23,Sachsen,Marxistisch-Leninistische Partei Deutschlands,772.0,0.0,1116.0,0.0
2025-02-23,Sachsen,Menschliche Welt,,,,
2025-02-23,Sachsen,MERA25 - Gemeinsam für Europäische Unabhängigkeit,,,,
2025-02-23,Sachsen,Mieterpartei,,,,
2025-02-23,Sachsen,Nein!-Idee,,,,
2025-02-23,Sachsen,Neue Liberale - Die Sozialliberalen,,,,
2025-02-23,Sachsen,Ökologisch-Demokratische Partei,,,,
2025-02-23,Sachsen,Partei Bibeltreuer Christen,,,,
2025-02-23,Sachsen,Partei der Humanisten,1258.0,0.0,2472.0,0.1
2025-02-23,Sachsen,Partei der Nichtwähler,,,,
2025-02-23,Sachsen,Partei der Vernunft,,,,
2025-02-23,Sachsen,Partei des Fortschritts,,,,
2025-02-23,Sachsen,Partei für Verjüngungsforschung,,,,
2025-02-23,Sachsen,PARTEI MENSCH UMWELT TIERSCHUTZ,,,29743.0,1.2
2025-02-23,Sachsen,Piratenpartei Deutschland,,,4018.0,0.2
2025-02-23,Sachsen,RENTNER Partei Deutschland,,,,
2025-02-23,Sachsen,"SGV - Solidarität, Gerechtigkeit, Veränderung",,,,
2025-02-23,Sachsen,"Sozialist.Gleichheitspartei, Vierte Internationale",,,,
2025-02-23,Sachsen,Südschleswigscher Wählerverband,,,,
2025-02-23,Sachsen,Thüringer Heimatpartei,,,,
2025-02-23,Sachsen,UNABHÄNGIGE für bürgernahe Demokratie,,,,
2025-02-23,Sachsen,Volt Deutschland,10766.0,0.4,14741.0,0.6
2025-02-23,Sachsen,"V-Partei3 - Partei f. Veränd., Vegetarier, Veganer",,,,
2025-02-23,Sachsen,WerteUnion,,,,
2025-02-23,Sachsen,WiR2020,,,,
2025-02-23,Sachsen,Sonstige Parteien,2975.0,0.1,,
2025-02-23,Sachsen-Anhalt,Christlich Demokratische Union Deutschlands,313319.0,23.5,256538.0,19.2
2025-02-23,Sachsen-Anhalt,Alternative für Deutschland,515634.0,38.8,496110.0,37.1
2025-02-23,Sachsen-Anhalt,Sozialdemokratische Partei Deutschlands,183951.0,13.8,146535.0,11.0
2025-02-23,Sachsen-Anhalt,BÜNDNIS 90/DIE GRÜNEN,48599.0,3.7,59077.0,4.4
2025-02-23,Sachsen-Anhalt,Die Linke,165818.0,12.5,143807.0,10.8
2025-02-23,Sachsen-Anhalt,Christlich-Soziale Union in Bayern e.V.,,,,
2025-02-23,Sachsen-Anhalt,Ab jetzt... Demokratie durch Volksabstimmung,,,,
2025-02-23,Sachsen-Anhalt,Allianz Deutscher Demokraten,,,,
2025-02-23,Sachsen-Anhalt,"Allianz für Menschenrechte, Tier- und Naturschutz",,,,
2025-02-23,Sachsen-Anhalt,Basisdemokratische Partei Deutschland,,,,
2025-02-23,Sachsen-Anhalt,Bayernpartei,,,,
2025-02-23,Sachsen-Anhalt,"bergpartei, die überpartei",,,,
2025-02-23,Sachsen-Anhalt,Brandenb. Verein. Bürgerbewegungen/Freie Wähler,42363.0,3.2,18449.0,1.4
2025-02-23,Sachsen-Anhalt,Bund für Gesamtdeutschland,,,,
2025-02-23,Sachsen-Anhalt,Bündnis 21/RRP,,,,
2025-02-23,Sachsen-Anhalt,Bündnis C - Christen für Deutschland,,,,
2025-02-23,Sachsen-Anhalt,BÜNDNIS DEUTSCHLAND,8481.0,0.6,4517.0,0.3
2025-02-23,Sachsen-Anhalt,Bündnis für Innovation und Gerechtigkeit,,,,
2025-02-23,Sachsen-Anhalt,Bündnis Grundeinkommen,,,,
2025-02-23,Sachsen-Anhalt,Bündnis Sahra Wagenknecht,,,150411.0,11.2
2025-02-23,Sachsen-Anhalt,Bürgerbewegung für Fortschritt und Wandel,,,,
2025-02-23,Sachsen-Anhalt,Bürgerbewegung pro Deutschland,,,,
2025-02-23,Sachsen-Anhalt,Bürgerrechtsbewegung Solidarität,,,,
2025-02-23,Sachsen-Anhalt,Demokratie in Bewegung,,,,
2025-02-23,Sachsen-Anhalt,DER DRITTE WEG,,,,
2025-02-23,Sachsen-Anhalt,Deutsche Kommunistische Partei,,,,
2025-02-23,Sachsen-Anhalt,DEUTSCHE KONSERVATIVE,,,,
2025-02-23,Sachsen-Anhalt,Deutsche Mitte,,,,
2025-02-23,Sachsen-Anhalt,Die Einheit,,,,
2025-02-23,Sachsen-Anhalt,Die Gerechtigkeitspartei - Team Todenhöfer,,,,
2025-02-23,Sachsen-Anhalt,Die Grauen - Für alle Generationen,,,,
2025-02-23,Sachsen-Anhalt,Die Heimat,,,,
2025-02-23,Sachsen-Anhalt,Die Partei,5138.0,0.4,11038.0,0.8
2025-02-23,Sachsen-Anhalt,DIE RECHTE,,,,
2025-02-23,Sachsen-Anhalt,DIE REPUBLIKANER,,,,
2025-02-23,Sachsen-Anhalt,DIE SONSTIGEN,,,,
2025-02-23,Sachsen-Anhalt,Die Urbane. Eine HipHop Partei,,,,
2025-02-23,Sachsen-Anhalt,Die Violetten,,,,
2025-02-23,Sachsen-Anhalt,diePinken/BÜNDNIS21,,,,
2025-02-23,Sachsen-Anhalt,Europäische Partei LIEBE,,,,
2025-02-23,Sachsen-Anhalt,Familien-Partei Deutschlands,,,,
2025-02-23,Sachsen-Anhalt,Feministische Partei DIE FRAUEN,,,,
2025-02-23,Sachsen-Anhalt,Freie Demokratische Partei,37603.0,2.8,41251.0,3.1
2025-02-23,Sachsen-Anhalt,FREIE WÄHLER,,,,
2025-02-23,Sachsen-Anhalt,Gartenpartei,,,,
2025-02-23,Sachsen-Anhalt,Graue Panther,,,,
2025-02-23,Sachsen-Anhalt,Klimaliste Baden-Württemberg,,,,
2025-02-23,Sachsen-Anhalt,Liberale Demokraten - Die Sozialliberalen,,,,
2025-02-23,Sachsen-Anhalt,Liberal-Konservative Reformer,,,,
2025-02-23,Sachsen-Anhalt,Lobbyisten für Kinder,,,,
2025-02-23,Sachsen-Anhalt,Marxistisch-Leninistische Partei Deutschlands,1339.0,0.1,1132.0,0.1
2025-02-23,Sachsen-Anhalt,Menschliche Welt,,,,
2025-02-23,Sachsen-Anhalt,MERA25 - Gemeinsam für Europäische Unabhängigkeit,,,,
2025-02-23,Sachsen-Anhalt,Mieterpartei,,,,
2025-02-23,Sachsen-Anhalt,Nein!-Idee,,,,
2025-02-23,Sachsen-Anhalt,Neue Liberale - Die Sozialliberalen,,,,
2025-02-23,Sachsen-Anhalt,Ökologisch-Demokratische Partei,,,,
2025-02-23,Sachsen-Anhalt,Partei Bibeltreuer Christen,,,,
2025-02-23,Sachsen-Anhalt,Partei der Humanisten,,,,
2025-02-23,Sachsen-Anhalt,Partei der Nichtwähler,,,,
2025-02-23,Sachsen-Anhalt,Partei der Vernunft,,,,
2025-02-23,Sachsen-Anhalt,Partei des Fortschritts,,,,
2025-02-23,Sachsen-Anhalt,Partei für Verjüngungsforschung,,,,
2025-02-23,Sachsen-Anhalt,PARTEI MENSCH UMWELT TIERSCHUTZ,,,,
2025-02-23,Sachsen-Anhalt,Piratenpartei Deutschland,,,,
2025-02-23,Sachsen-Anhalt,RENTNER Partei Deutschland,,,,
2025-02-23,Sachsen-Anhalt,"SGV - Solidarität, Gerechtigkeit, Veränderung",,,,
2025-02-23,Sachsen-Anhalt,"Sozialist.Gleichheitspartei, Vierte Internationale",,,,
2025-02-23,Sachsen-Anhalt,Südschleswigscher Wählerverband,,,,
2025-02-23,Sachsen-Anhalt,Thüringer Heimatpartei,,,,
2025-02-23,Sachsen-Anhalt,UNABHÄNGIGE für bürgernahe Demokratie,,,,
2025-02-23,Sachsen-Anhalt,Volt Deutschland,,,8484.0,0.6
2025-02-23,Sachsen-Anhalt,"V-Partei3 - Partei f. Veränd., Vegetarier, Veganer",,,,
2025-02-23,Sachsen-Anhalt,WerteUnion,,,,
2025-02-23,Sachsen-Anhalt,WiR2020,,,,
2025-02-23,Sachsen-Anhalt,Sonstige Parteien,8299.0,0.6,,
2025-02-23,Schleswig-Holstein,Christlich Demokratische Union Deutschlands,573541.0,30.6,518424.0,27.6
2025-02-23,Schleswig-Holstein,Alternative für Deutschland,302259.0,16.1,306165.0,16.3
2025-02-23,Schleswig-Holstein,Sozialdemokratische Partei Deutschlands,424485.0,22.6,352546.0,18.8
2025-02-23,Schleswig-Holstein,BÜNDNIS 90/DIE GRÜNEN,279298.0,14.9,279923.0,14.9
2025-02-23,Schleswig-Holstein,Die Linke,115098.0,6.1,146428.0,7.8
2025-02-23,Schleswig-Holstein,Christlich-Soziale Union in Bayern e.V.,,,,
2025-02-23,Schleswig-Holstein,Ab jetzt... Demokratie durch Volksabstimmung,,,,
2025-02-23,Schleswig-Holstein,Allianz Deutscher Demokraten,,,,
2025-02-23,Schleswig-Holstein,"Allianz für Menschenrechte, Tier- und Naturschutz",,,,
2025-02-23,Schleswig-Holstein,Basisdemokratische Partei Deutschland,,,,
2025-02-23,Schleswig-Holstein,Bayernpartei,,,,
2025-02-23,Schleswig-Holstein,"bergpartei, die überpartei",,,,
2025-02-23,Schleswig-Holstein,Brandenb. Verein. Bürgerbewegungen/Freie Wähler,25139.0,1.3,13675.0,0.7
2025-02-23,Schleswig-Holstein,Bund für Gesamtdeutschland,,,,
2025-02-23,Schleswig-Holstein,Bündnis 21/RRP,,,,
2025-02-23,Schleswig-Holstein,Bündnis C - Christen für Deutschland,,,,
2025-02-23,Schleswig-Holstein,BÜNDNIS DEUTSCHLAND,3227.0,0.2,2981.0,0.2
2025-02-23,Schleswig-Holstein,Bündnis für Innovation und Gerechtigkeit,,,,
2025-02-23,Schleswig-Holstein,Bündnis Grundeinkommen,,,,
2025-02-23,Schleswig-Holstein,Bündnis Sahra Wagenknecht,,,64777.0,3.4
2025-02-23,Schleswig-Holstein,Bürgerbewegung für Fortschritt und Wandel,,,,
2025-02-23,Schleswig-Holstein,Bürgerbewegung pro Deutschland,,,,
2025-02-23,Schleswig-Holstein,Bürgerrechtsbewegung Solidarität,,,,
2025-02-23,Schleswig-Holstein,Demokratie in Bewegung,,,,
2025-02-23,Schleswig-Holstein,DER DRITTE WEG,,,,
2025-02-23,Schleswig-Holstein,Deutsche Kommunistische Partei,,,,
2025-02-23,Schleswig-Holstein,DEUTSCHE KONSERVATIVE,,,,
2025-02-23,Schleswig-Holstein,Deutsche Mitte,,,,
2025-02-23,Schleswig-Holstein,Die Einheit,,,,
2025-02-23,Schleswig-Holstein,Die Gerechtigkeitspartei - Team Todenhöfer,,,,
2025-02-23,Schleswig-Holstein,Die Grauen - Für alle Generationen,,,,
2025-02-23,Schleswig-Holstein,Die Heimat,,,,
2025-02-23,Schleswig-Holstein,Die Partei,2021.0,0.1,13729.0,0.7
2025-02-23,Schleswig-Holstein,DIE RECHTE,,,,
2025-02-23,Schleswig-Holstein,DIE REPUBLIKANER,,,,
2025-02-23,Schleswig-Holstein,DIE SONSTIGEN,,,,
2025-02-23,Schleswig-Holstein,Die Urbane. Eine HipHop Partei,,,,
2025-02-23,Schleswig-Holstein,Die Violetten,,,,
2025-02-23,Schleswig-Holstein,diePinken/BÜNDNIS21,,,,
2025-02-23,Schleswig-Holstein,Europäische Partei LIEBE,,,,
2025-02-23,Schleswig-Holstein,Familien-Partei Deutschlands,,,,
2025-02-23,Schleswig-Holstein,Feministische Partei DIE FRAUEN,,,,
2025-02-23,Schleswig-Holstein,Freie Demokratische Partei,67541.0,3.6,88147.0,4.7
2025-02-23,Schleswig-Holstein,FREIE WÄHLER,,,,
2025-02-23,Schleswig-Holstein,Gartenpartei,,,,
2025-02-23,Schleswig-Holstein,Graue Panther,,,,
2025-02-23,Schleswig-Holstein,Klimaliste Baden-Württemberg,,,,
2025-02-23,Schleswig-Holstein,Liberale Demokraten - Die Sozialliberalen,,,,
2025-02-23,Schleswig-Holstein,Liberal-Konservative Reformer,,,,
2025-02-23,Schleswig-Holstein,Lobbyisten für Kinder,,,,
2025-02-23,Schleswig-Holstein,Marxistisch-Leninistische Partei Deutschlands,286.0,0.0,576.0,0.0
2025-02-23,Schleswig-Holstein,Menschliche Welt,,,,
2025-02-23,Schleswig-Holstein,MERA25 - Gemeinsam für Europäische Unabhängigkeit,,,,
2025-02-23,Schleswig-Holstein,Mieterpartei,,,,
2025-02-23,Schleswig-Holstein,Nein!-Idee,,,,
2025-02-23,Schleswig-Holstein,Neue Liberale - Die Sozialliberalen,,,,
2025-02-23,Schleswig-Holstein,Ökologisch-Demokratische Partei,,,,
2025-02-23,Schleswig-Holstein,Partei Bibeltreuer Christen,,,,
2025-02-23,Schleswig-Holstein,Partei der Humanisten,,,,
2025-02-23,Schleswig-Holstein,Partei der Nichtwähler,,,,
2025-02-23,Schleswig-Holstein,Partei der Vernunft,,,,
2025-02-23,Schleswig-Holstein,Partei des Fortschritts,,,,
2025-02-23,Schleswig-Holstein,Partei für Verjüngungsforschung,,,,
2025-02-23,Schleswig-Holstein,PARTEI MENSCH UMWELT TIERSCHUTZ,,,,
2025-02-23,Schleswig-Holstein,Piratenpartei Deutschland,,,,
2025-02-23,Schleswig-Holstein,RENTNER Partei Deutschland,,,,
2025-02-23,Schleswig-Holstein,"SGV - Solidarität, Gerechtigkeit, Veränderung",,,,
2025-02-23,Schleswig-Holstein,"Sozialist.Gleichheitspartei, Vierte Internationale",,,,
2025-02-23,Schleswig-Holstein,Südschleswigscher Wählerverband,58779.0,3.1,76138.0,4.0
2025-02-23,Schleswig-Holstein,Thüringer Heimatpartei,,,,
2025-02-23,Schleswig-Holstein,UNABHÄNGIGE für bürgernahe Demokratie,,,,
2025-02-23,Schleswig-Holstein,Volt Deutschland,23282.0,1.2,16496.0,0.9
2025-02-23,Schleswig-Holstein,"V-Partei3 - Partei f. Veränd., Vegetarier, Veganer",,,,
2025-02-23,Schleswig-Holstein,WerteUnion,,,,
2025-02-23,Schleswig-Holstein,WiR2020,,,,
2025-02-23,Schleswig-Holstein,Sonstige Parteien,1273.0,0.1,,
2025-02-23,Thüringen,Christlich Demokratische Union Deutschlands,272827.0,20.6,246065.0,18.6
2025-02-23,Thüringen,Alternative für Deutschland,512070.0,38.7,510527.0,38.6
2025-02-23,Thüringen,Sozialdemokratische Partei Deutschlands,131842.0,10.0,115915.0,8.8
2025-02-23,Thüringen,BÜNDNIS 90/DIE GRÜNEN,36822.0,2.8,56097.0,4.2
2025-02-23,Thüringen,Die Linke,209947.0,15.9,200688.0,15.2
2025-02-23,Thüringen,Christlich-Soziale Union in Bayern e.V.,,,,
2025-02-23,Thüringen,Ab jetzt... Demokratie durch Volksabstimmung,,,,
2025-02-23,Thüringen,Allianz Deutscher Demokraten,,,,
2025-02-23,Thüringen,"Allianz für Menschenrechte, Tier- und Naturschutz",,,,
2025-02-23,Thüringen,Basisdemokratische Partei Deutschland,,,,
2025-02-23,Thüringen,Bayernpartei,,,,
2025-02-23,Thüringen,"bergpartei, die überpartei",,,,
2025-02-23,Thüringen,Brandenb. Verein. Bürgerbewegungen/Freie Wähler,25831.0,2.0,20621.0,1.6
2025-02-23,Thüringen,Bund für Gesamtdeutschland,,,,
2025-02-23,Thüringen,Bündnis 21/RRP,,,,
2025-02-23,Thüringen,Bündnis C - Christen für Deutschland,,,,
2025-02-23,Thüringen,BÜNDNIS DEUTSCHLAND,,,3454.0,0.3
2025-02-23,Thüringen,Bündnis für Innovation und Gerechtigkeit,,,,
2025-02-23,Thüringen,Bündnis Grundeinkommen,,,,
2025-02-23,Thüringen,Bündnis Sahra Wagenknecht,96975.0,7.3,124760.0,9.4
2025-02-23,Thüringen,Bürgerbewegung für Fortschritt und Wandel,,,,
2025-02-23,Thüringen,Bürgerbewegung pro Deutschland,,,,
2025-02-23,Thüringen,Bürgerrechtsbewegung Solidarität,,,,
2025-02-23,Thüringen,Demokratie in Bewegung,,,,
2025-02-23,Thüringen,DER DRITTE WEG,,,,
2025-02-23,Thüringen,Deutsche Kommunistische Partei,,,,
2025-02-23,Thüringen,DEUTSCHE KONSERVATIVE,,,,
2025-02-23,Thüringen,Deutsche Mitte,,,,
2025-02-23,Thüringen,Die Einheit,,,,
2025-02-23,Thüringen,Die Gerechtigkeitspartei - Team Todenhöfer,,,,
2025-02-23,Thüringen,Die Grauen - Für alle Generationen,,,,
2025-02-23,Thüringen,Die Heimat,,,,
2025-02-23,Thüringen,Die Partei,,,,
2025-02-23,Thüringen,DIE RECHTE,,,,
2025-02-23,Thüringen,DIE REPUBLIKANER,,,,
2025-02-23,Thüringen,DIE SONSTIGEN,,,,
2025-02-23,Thüringen,Die Urbane. Eine HipHop Partei,,,,
2025-02-23,Thüringen,Die Violetten,,,,
2025-02-23,Thüringen,diePinken/BÜNDNIS21,,,,
2025-02-23,Thüringen,Europäische Partei LIEBE,,,,
2025-02-23,Thüringen,Familien-Partei Deutschlands,,,,
2025-02-23,Thüringen,Feministische Partei DIE FRAUEN,,,,
2025-02-23,Thüringen,Freie Demokratische Partei,28121.0,2.1,37292.0,2.8
2025-02-23,Thüringen,FREIE WÄHLER,,,,
2025-02-23,Thüringen,Gartenpartei,,,,
2025-02-23,Thüringen,Graue Panther,,,,
2025-02-23,Thüringen,Klimaliste Baden-Württemberg,,,,
2025-02-23,Thüringen,Liberale Demokraten - Die Sozialliberalen,,,,
2025-02-23,Thüringen,Liberal-Konservative Reformer,,,,
2025-02-23,Thüringen,Lobbyisten für Kinder,,,,
2025-02-23,Thüringen,Marxistisch-Leninistische Partei Deutschlands,1678.0,0.1,1743.0,0.1
2025-02-23,Thüringen,Menschliche Welt,,,,
2025-02-23,Thüringen,MERA25 - Gemeinsam für Europäische Unabhängigkeit,,,,
2025-02-23,Thüringen,Mieterpartei,,,,
2025-02-23,Thüringen,Nein!-Idee,,,,
2025-02-23,Thüringen,Neue Liberale - Die Sozialliberalen,,,,
2025-02-23,Thüringen,Ökologisch-Demokratische Partei,,,,
2025-02-23,Thüringen,Partei Bibeltreuer Christen,,,,
2025-02-23,Thüringen,Partei der Humanisten,,,,
2025-02-23,Thüringen,Partei der Nichtwähler,,,,
2025-02-23,Thüringen,Partei der Vernunft,,,,
2025-02-23,Thüringen,Partei des Fortschritts,,,,
2025-02-23,Thüringen,Partei für Verjüngungsforschung,,,,
2025-02-23,Thüringen,PARTEI MENSCH UMWELT TIERSCHUTZ,,,,
2025-02-23,Thüringen,Piratenpartei Deutschland,,,,
2025-02-23,Thüringen,RENTNER Partei Deutschland,,,,
2025-02-23,Thüringen,"SGV - Solidarität, Gerechtigkeit, Veränderung",,,,
2025-02-23,Thüringen,"Sozialist.Gleichheitspartei, Vierte Internationale",,,,
2025-02-23,Thüringen,Südschleswigscher Wählerverband,,,,
2025-02-23,Thüringen,Thüringer Heimatpartei,,,,
2025-02-23,Thüringen,UNABHÄNGIGE für bürgernahe Demokratie,,,,
2025-02-23,Thüringen,Volt Deutschland,,,6998.0,0.5
2025-02-23,Thüringen,"V-Partei3 - Partei f. Veränd., Vegetarier, Veganer",,,,
2025-02-23,Thüringen,WerteUnion,,,,
2025-02-23,Thüringen,WiR2020,,,,
2025-02-23,Thüringen,Sonstige Parteien,7113.0,0.5,,
